Template_ID,Customer_ID,Route_Name,Start_Point,End_Point,Route_Type,Pickup_Time,Departure_Time,Capacity,Price_Excl_VAT
1,1,БТК (пос. Романовка),"пос. Романовка, 1а",г.Всеволожск ул. Ленинградская д.14/1,Прямой,05:30:00,05:40:00,50.0,2725.0
2,1,БТК (ш. Революции),"ш. Революции, д.52",г.Всеволожск ул. Ленинградская д.14/1,Прямой,05:50:00,06:00:00,50.0,4000.0
3,1,БТК (пос. Романовка),"пос. Романовка, 1а",г.Всеволожск ул. Ленинградская д.14/1,Прямой,06:00:00,06:10:00,50.0,2725.0
4,2,АО «ЦКБМ»,"Пр. Стачек, 47Ш","проспект Стачек, 47Л (до 8:20)",Прямой,06:10:00,06:20:00,16.0,5500.0
5,3,ЛеманаПро (Гатчина),"Гатчина, улица Чехова, 14Ас3","Московское ш., 177А",1/2 круга,06:10:00,06:20:00,20.0,3350.0
6,4,Оптоган,Ст.м. Проспект Ветеранов,"Таллинское ш., 206",Прямой,06:10:00,06:20:00,20.0,3300.0
7,5,Коломенский (ЖК Солнечный город),"Пр. Ветеранов, 214","Пушкин, Тиньков переулок, 7Д",1/2 круга,06:15:00,06:25:00,15.0,3500.0
8,6,ТМГ,"ул., Тельмана 8","Промышленный район, Центральное отделение, 63",Прямой,06:20:00,06:25:00,50.0,5000.0
9,5,Коломенский,"ул. Салова, 29","Пушкин, Тиньков переулок, 7Д",1/2 круга,06:20:00,06:30:00,15.0,3000.0
10,7,Муринская - Хлебный дом - Коломенское,"Ул. Ольги Форш, 10","Тиньков переулок, 7Д",1/2 круга,06:20:00,06:30:00,19.0,6600.0
11,8,ПИТ-ПРОДУКТ (ст.м. Московская),"Пр. Большевиков, д.1","ул. Понссе, 3",1/2 круга,06:20:00,06:30:00,50.0,3300.0
12,9,OZON Большевиков,"Большевиков, д.1","Ст.м.Дыбенко - Московское ш., 145с10",1/2 круга,06:20:00,06:30:00,19.0,3000.0
13,9,OZON Большевиков,"Большевиков, д.1","Ст.м.Дыбенко - Московское ш., 145с10",1/2 круга,06:20:00,06:30:00,50.0,3900.0
14,10,OZON Бугры (ст.м. Беговая),Ст.м. Беговая,"Бугры, Шоссейная ул., 50к1",1/2 круга,06:20:00,06:30:00,19.0,2500.0
15,10,OZON Бугры (ст.м. Беговая),Ст.м. Беговая,"Бугры, Шоссейная ул., 50к1",1/2 круга,06:20:00,06:30:00,35.0,3500.0
16,11,"OZON Гатчина (Штат Софийская, 118)","Гатчина, Варшавский вокзал","Софийская, 118 к.4 стр.1",1/2 круга,06:20:00,06:30:00,20.0,3100.0
17,11,"OZON Гатчина (Штат Софийская, 118)","Гатчина, Варшавский вокзал","Софийская, 118 к.4 стр.1",1/2 круга,06:20:00,06:30:00,35.0,5250.0
18,12,OZON ПСЦ Колпино (Кировск),"г. Кировск, Театральная площадь","Колпинское ш., 135с2",1/2 круга,06:20:00,06:30:00,20.0,5000.0
19,9,OZON Тосно (ФФ),"г. Тосно, Боярова 2А","Московское ш., 143",Прямой,06:20:00,06:30:00,19.0,6000.0
20,13,Бристоль (пос. Сельцо),Пос. Сельцо (Волосовский район),"Волхонское ш., 3к2",Прямой,06:35:00,06:40:00,19.0,6000.0
21,1,БТК (пос. Романовка),"пос. Романовка, 1а",г.Всеволожск ул. Ленинградская д.14/1,Прямой,06:30:00,06:40:00,50.0,2725.0
22,5,Коломенский (Колпино),"Колпино, Привокзальная площадь","Пушкин, Тиньков переулок, 7Д",1/2 круга,06:30:00,06:40:00,15.0,2500.0
23,5,Коломенский (Ст.м. Московская),"Ст.м. Московская, Демонстрационный проезд","Пушкин, Тиньков переулок, 7Д",1/2 круга,06:30:00,06:40:00,50.0,4000.0
24,7,Коломенское - Хлебный дом (Смоленская),"Смоленская улица, 18А","Пушкин, Тиньков переулок, 7Д",Прямой,06:30:00,06:40:00,19.0,4500.0
25,7,Хлебный дом (ст.м. Ладожская),"Заневский пр., 42 - Заневский пр., 32","Смоленская улица, 6 (остановка)",1/2 круга,06:35:00,06:40:00,15.0,2500.0
26,10,OZON Бугры (Заневский),"Заневский пр.,32к2","Бугры, Шоссейная ул., 50к1",1/2 круга,06:30:00,06:40:00,19.0,4000.0
27,10,OZON Бугры (Янино-1),"Янино-1, Шоссейная ул., 23","Бугры, Шоссейная ул., 50к1",Прямой,06:30:00,06:40:00,19.0,4700.0
28,10,OZON Бугры (Янино-1),"Янино-1, Шоссейная ул., 23","Бугры, Шоссейная ул., 50к1",Прямой,06:30:00,06:40:00,35.0,6900.0
29,9,OZON Гатчина (ФФ),"Гатчина, Балтийский вокзал","Московское ш., 143",Прямой,06:25:00,06:40:00,20.0,3700.0
30,10,OZON Комендантский,Ст.м. Комендантский пр.,"Бугры, Шоссейная ул., 50к1",Прямой,06:30:00,06:40:00,19.0,4500.0
31,10,OZON Комендантский,Ст.м. Комендантский пр.,"Бугры, Шоссейная ул., 50к1",1/2 круга,06:30:00,06:40:00,19.0,
32,10,OZON Комендантский,Ст.м. Комендантский пр.,"Бугры, Шоссейная ул., 50к1",Прямой,06:30:00,06:40:00,35.0,6000.0
33,10,OZON Комендантский,Ст.м. Комендантский пр.,"Бугры, Шоссейная ул., 50к1",1/2 круга,06:30:00,06:40:00,50.0,3500.0
34,14,OZON Комьюнити Минеральная,"ул. Минеральная, 29","Софийская, 118 к4 стр.1",1/2 круга,06:20:00,06:40:00,50.0,4500.0
35,12,OZON ПСЦ Колпино (м. Большевиков),"улица Коллонтай, 21к1","Колпинское ш., 135с2",1/2 круга,06:30:00,06:40:00,55.0,3995.0
36,12,OZON ПСЦ Колпино (м. Ладожская),Ст.м. Ладожская,"Колпинское ш., 135с2",1/2 круга,06:30:00,06:40:00,20.0,3150.0
37,15,Ай Би Фэсилити,Ст.м.Беговая,"Лахтинский просп., 83, корп. 2 - Лахта",Прямой,06:20:00,06:45:00,20.0,2083.333333333333
38,15,Ай Би Фэсилити,Ст.м.Беговая,"Лахтинский просп., 83, корп. 2 - Лахта",Прямой,06:25:00,06:45:00,50.0,6631.15
39,16,"Санаторий ""Белые ночи""","Комендантский пр., 14к1","38-й км Приморского шоссе, 2",Прямой,06:35:00,06:45:00,19.0,7000.0
40,16,"Санаторий ""Белые ночи""","Комендантский пр., 14к1","38-й км Приморского шоссе, 2",Прямой,06:35:00,06:45:00,50.0,11000.0
41,17,СК-Сервис,Ст.м.Ветеранов,"Петергофское ш., д. 71",1/2 круга,06:45:00,06:45:00,30.0,2200.82
42,7,"Хлебный дом (""Огни залива"")","Ленинский пр., 43","Смоленская улица, 6 (остановка)",1/2 круга,06:35:00,06:45:00,15.0,2500.0
43,7,"Хлебный дом (""Огни залива"")","Ленинский пр., 43","Смоленская улица, 6 (остановка)",1/2 круга,06:35:00,06:45:00,19.0,2500.0
44,7,"Хлебный дом (""Огни залива"")","Ленинский пр., 43","Смоленская улица, 18А",1/2 круга,06:35:00,06:45:00,30.0,4000.0
45,7,Хлебный дом (ст.м. Ладожская),"Заневский пр., 32","Смоленская улица, 6 (остановка)",1/2 круга,06:35:00,06:45:00,15.0,2500.0
46,18,OZON Большевиков (ФФ),"Большевиков, д.1","Ст.м.Дыбенко - Московское ш., 141/143",1/2 круга,06:35:00,06:45:00,55.0,3750.0
47,11,"OZON Большевиков (Штат Софийская, 118)",Ст.м. Проспект Большевиков,"Софийская, 118 к.4 стр.1",1/2 круга,06:35:00,06:45:00,50.0,3750.0
48,14,OZON Комьюнити Заневский,"Заневский пр., 32к2","Софийская, 118 к4 стр.1",1/2 круга,06:35:00,06:45:00,50.0,4000.0
49,19,OZON ЛЦ Волхонское (Стрельна),"Стрельна, Фронтовая улица, 10Б","Волхонское шоссе, 108с2",1/2 круга,06:35:00,06:45:00,30.0,4500.0
50,19,OZON ЛЦ Волхонское (Стрельна),Ветеранов 183 ,"Волхонское шоссе, 108с2",1/2 круга,06:45:00,06:55:00,50.0,4500.0
51,12,OZON ПСЦ Колпино (Кудрово),"Кудрово, Пражская ул., 9","Колпинское ш., 135с2",1/2 круга,06:35:00,06:45:00,19.0,3200.0
52,20,Дикси-ЮГ (РЦ Шушары),"Колпино, ж/д вокзал","Московское ш., 70к4В",1/2 круга,06:40:00,06:50:00,47.0,3900.0
53,21,Кадры 24,Яковлевский переулок 2,"Купчино - Московский пр., 161к13",1/2 круга,06:40:00,06:50:00,19.0,2500.0
54,18,OZON Большевиков (ФФ),"Большевиков, д.1","Ст.м.Дыбенко - Московское ш., 141/143",1/2 круга,06:40:00,06:50:00,35.0,3750.0
55,10,OZON Бугры (Всеволожск),"Всеволожск, Колтушское шоссе, 39Б","Бугры, Шоссейная ул., 50к1",1/2 круга,06:40:00,06:50:00,30.0,4250.0
56,10,OZON Бугры (ст.м. Дыбенко),Ст.м. Дыбенко,"Бугры, Шоссейная ул., 50к1",1/2 круга,06:40:00,06:50:00,19.0,2650.0
57,10,OZON Бугры (ст.м. Дыбенко),Ст.м. Дыбенко,"Бугры, Шоссейная ул., 50к1",1/2 круга,06:40:00,06:50:00,19.0,4000.0
58,10,OZON Бугры (ст.м. Дыбенко),Ст.м. Дыбенко,"Бугры, Шоссейная ул., 50к1",1/2 круга,06:40:00,06:50:00,55.0,4000.0
59,9,OZON Ветеранов (ПСЦ Софийская),"Дачный пр., 23к1","Софийская, 118 к.4 стр.1",Прямой,06:40:00,06:50:00,19.0,3500.0
60,18,OZON Дыбенко (ФФ),"ул. Дыбенко, 27к4","Московское ш., 141/143",1/2 круга,06:45:00,06:50:00,55.0,3750.0
61,11,"OZON Красноармейская (Штат Софийская, 118)","2-я Красноармейская ул., 1","Софийская, 118 к.4 стр.1",Прямой,06:40:00,06:50:00,20.0,6000.0
62,11,"OZON Красноармейская (Штат Софийская, 118)","2-я Красноармейская ул., 1","Софийская, 118 к.4 стр.1",Прямой,06:40:00,06:50:00,55.0,8000.0
63,9,OZON Купчино,Ст.м. Купчино,"Московское ш., 145с10",1/2 круга,06:40:00,06:50:00,50.0,3500.0
64,22,OZON ЛЦ Горское (Кудрово),"Кудрово, Новая ул.","Парголово, Горское ш., 6с16",1/2 круга,06:40:00,06:50:00,19.0,2500.0
65,5,Коломенский (Гатчина),"Гатчина, Балтийский вокзал","Пушкин, Тиньков переулок, 7Д",1/2 круга,06:45:00,06:55:00,15.0,3500.0
66,1,БТК (ш. Революции),"ш. Революции, д.52",г.Всеволожск ул. Ленинградская д.14/1,Прямой,06:50:00,07:00:00,50.0,4000.0
67,23,Велта,"Витебский пр., 99 (ст.м. Купчино)","Колпинское шоссе, 135к2с1",Прямой,06:50:00,07:00:00,20.0,3750.0
68,24,Велта,"Витебский пр., 99 (ст.м. Купчино)","Колпинское шоссе, 135к2с1",1/2 круга,06:50:00,07:00:00,20.0,4083.3333333333335
69,5,Коломенский (Коммунар),"Коммунар, Ленинградское ш., 7А","Пушкин, Тиньков переулок, 7Д",1/2 круга,06:50:00,07:00:00,9.0,3500.0
70,3,ЛеманаПро (ст.м. Проспект Ветеранов),Ст.м. Проспект Ветеранов,"Московское ш., 177А",1/2 круга,06:50:00,07:00:00,40.0,3800.0
71,7,Муринская - Коломенское,"Ул. Ольги Форш, 10","Тиньков переулок, 7Д",Прямой,06:50:00,07:00:00,19.0,8000.0
72,25,НТК,Ст.м. Купчино,"Федоровское, 1-й Восточный пр., 9",Прямой,06:50:00,07:00:00,19.0,5500.0
73,26,Оглаенд Систем (Бугры),"Бугры, Южная ул., 5 (Лента, парковка)","Горское ш., 169",Прямой,06:50:00,07:00:00,8.0,6000.0
74,8,ПИТ-ПРОДУКТ (Красное Село),"Красное Село, Красногородская ул./ Гатчинское ш.","ул. Понссе, 3",1/2 круга,06:50:00,07:00:00,50.0,3000.0
75,27,Равиолло,"Ст.м. Московская Демонстрационный пр-д, остановка","Петергофское ш., 73к2",1/2 круга,06:50:00,07:00:00,28.0,3990.0
76,28,Резерв (Бронка),"пр. Александровской Фермы, 29Б","Ломоносов, ж/д-ст. Бронка",Прямой,06:50:00,07:00:00,19.0,5000.0
77,28,Резерв (Московский проспект),"пр. Александровской Фермы, 29Б","Прогонная ул., 1",Прямой,06:50:00,07:00:00,19.0,4000.0
78,29,СМУ-2,"пр. Стачек, 67к7","пр. Энтузиастов, 44",Прямой,06:50:00,07:00:00,15.0,5000.0
79,29,СМУ-2 (Парнас),"пр. Стачек, 67к7","Парнас, 3-й Верхний переулок, 11",Прямой,06:50:00,07:00:00,6.0,5833.333333333334
80,29,СМУ-2 (Репино),"пр. Стачек, 67к7","п.Репино, Спасо-Преображенская улица, 36 А",Прямой,06:50:00,07:00:00,6.0,8333.33333333333
81,30,Теплореконструкция,Ст.м. Черная Речка,"Кронштадт, Петровская улица, 2А",Прямой,06:50:00,07:00:00,35.0,10000.0
82,31,Тим-Профи,"Московское ш., 115с4","Шушары - Витебский пр., 109",Прямой,06:50:00,07:00:00,19.0,2291.666666666667
83,31,Тим-Профи,"Московское ш., 115с4","Шушары, Новгородский проспект, 2к1",Прямой,06:50:00,07:00:00,50.0,3750.0
84,31,Тим-Профи,"Московское ш., 115с4","Шушары - Витебский пр., 109",Прямой,06:50:00,07:00:00,50.0,3750.0
85,32,Формация (Ст.м. Беговая),Ст.м. Беговая,"Горское шоссе, д. 169 (через ЗСД)",Прямой,06:50:00,07:00:00,40.0,
86,32,Формация (Ст.м. Беговая),Ст.м. Беговая,"Горское шоссе, д. 169 (через ЗСД)",1/2 круга,06:50:00,07:00:00,40.0,
87,32,Формация (Ст.м. Девяткино),Ст.м. Девяткино,"Горское шоссе, д. 169",1/2 круга,06:50:00,07:00:00,19.0,2750.0
88,32,Формация (Ст.м. Девяткино),Ст.м. Девяткино,"Горское шоссе, д. 169",1/2 круга,06:50:00,07:00:00,50.0,
89,7,Хлебный дом (Маршала Тухачевского),"ул. Маршала Тухачевского, 24","Ул. Ольги Форш, 10",Прямой,06:50:00,07:00:00,19.0,4000.0
90,10,OZON Бугры (Заневский),"Заневский пр.,32к2","Бугры, Шоссейная ул., 50к1",1/2 круга,06:50:00,07:00:00,19.0,4000.0
91,10,OZON Бугры (ст.м. Девяткино),Ст.м. Девяткино,"Бугры, Шоссейная ул., 50к1",Прямой,06:50:00,07:00:00,19.0,4500.0
92,10,OZON Бугры (ст.м. Девяткино),Ст.м. Девяткино,"Бугры, Шоссейная ул., 50к1",Прямой,06:50:00,07:00:00,55.0,7000.0
93,10,OZON Бугры (ст.м. Девяткино),Ст.м. Девяткино,"Бугры, Шоссейная ул., 50к1",1/2 круга,06:50:00,07:00:00,55.0,3500.0
94,9,OZON Ветеранов,Ст.м. Проспект Ветеранов,"Московское ш., 145с10",1/2 круга,06:50:00,07:00:00,50.0,3500.0
95,9,OZON Дунайская (ФФ Шушары),Загребский бульвар 23 к.1,"Московское ш., 141-143",Прямой,06:50:00,07:00:00,19.0,3500.0
96,19,OZON ЛЦ Волхонское (Красное село),"Красное село, проспект Ленина, 108","Волхонское шоссе, 108",1/2 круга,06:50:00,07:00:00,50.0,4500.0
97,19,OZON ЛЦ Волхонское (ст.м. Ветеранов),"Бульвар Новаторов, 98В","Волхонское шоссе, 108",1/2 круга,06:50:00,07:00:00,19.0,2250.0
98,19,OZON ЛЦ Волхонское (ст.м. Ветеранов),"Бульвар Новаторов, 98В","Волхонское шоссе, 108",Прямой,06:50:00,07:00:00,19.0,4500.0
99,19,OZON ЛЦ Волхонское (ст.м. Ветеранов),"Бульвар Новаторов, 98В","Волхонское шоссе, 108",1/2 круга,06:50:00,07:00:00,30.0,4500.0
100,19,OZON ЛЦ Волхонское (ст.м. Купчино),"Витебский пр., 101к1 (Ст.м. Купчино)","Волхонское шоссе, 108",1/2 круга,06:50:00,07:00:00,30.0,3500.0
101,10,OZON Просвещения,Ст.м. Проспект Просвещения,"Бугры, Шоссейная ул., 50к1",Прямой,06:50:00,07:00:00,19.0,4500.0
102,10,OZON Просвещения,Ст.м. Проспект Просвещения,"Бугры, Шоссейная ул., 50к1",Прямой,06:50:00,07:00:00,30.0,6000.0
103,10,OZON Просвещения,Ст.м. Проспект Просвещения,"Бугры, Шоссейная ул., 50к1",1/2 круга,06:50:00,07:00:00,30.0,3500.0
104,10,OZON Просвещения,Ст.м. Проспект Просвещения,"Бугры, Шоссейная ул., 50к1",1/2 круга,06:50:00,07:00:00,50.0,3500.0
105,10,OZON Просвещения,Ст.м. Проспект Просвещения,"Бугры, Шоссейная ул., 50к1",1/2 круга,06:50:00,07:00:00,55.0,3500.0
106,12,OZON ПСЦ Колпино (м. Ветеранов),"Дачный пр., 19к1","Колпинское ш., 135с2",1/2 круга,06:50:00,07:00:00,19.0,3000.0
107,12,OZON ПСЦ Колпино (м. Ветеранов),"Дачный пр., 19к1","Колпинское ш., 135с2",1/2 круга,06:50:00,07:00:00,20.0,3000.0
108,12,OZON ПСЦ Колпино (м. Ветеранов),"Дачный пр., 19к1","Колпинское ш., 135с2",1/2 круга,06:50:00,07:00:00,55.0,4500.0
109,26,Оглаенд Систем,"Коломяжский пр., 26А","Горское ш., 169",Прямой,06:55:00,07:05:00,20.0,4700.0
110,31,Тим-Профи," Стачек, 18, корп. 2Б","Шушары, Новгородский проспект, 2к1",Прямой,06:50:00,07:05:00,19.0,8333.33333333333
111,33,Фокус,"Ст.м.Купчино (Витебский пр., 101)","П. Федоровское, ул.Почтовая д16",Прямой,07:05:00,07:05:00,20.0,5500.0
112,10,OZON Бугры (Цветной город),"Васнецовский проспект, 28","Бугры, Шоссейная ул., 50к1",1/2 круга,06:55:00,07:05:00,30.0,3500.0
113,18,OZON Дыбенко (ФФ),Ст.м. Дыбенко,"Московское ш.,143",1/2 круга,06:40:00,07:05:00,19.0,3500.0
114,18,OZON Дыбенко (ФФ),Ст.м. Дыбенко,"Московское ш.,143",1/2 круга,07:00:00,07:05:00,55.0,3750.0
115,13,Бристоль (Красное Село),"Красное Село, ул. Первого мая","Волхонское ш., 3к2",Прямой,07:05:00,07:10:00,19.0,4400.0
116,5,Коломенский (Красное Село),Автобусная станция Красное Село,"Пушкин, Тиньков переулок, 7Д",1/2 круга,07:00:00,07:10:00,19.0,3000.0
117,3,ЛеманаПро (Колпино),"Колпино, ул. Труда, 22/15","Московское ш., 177А",1/2 круга,07:00:00,07:10:00,20.0,2400.0
118,3,ЛеманаПро (Колпино),"Колпино, ул. Труда, 22/15","Московское ш., 177А",1/2 круга,07:05:00,07:10:00,20.0,2400.0
119,16,"Санаторий ""Белые ночи""","пос. Первомайское,ул. Советская 4 (маг. Пятерочка"")","38-й км Приморского шоссе, 2",Прямой,07:00:00,07:10:00,19.0,7000.0
120,34,Сатурн (Ст.м. Гражданский Проспект),Ст.м. Гражданский Проспект,"Индустриальный, 71",Прямой,07:10:00,07:10:00,30.0,
121,35,Северные сети,"Ветеранов 122 ""Хостел Лига""","Новогорелово, улица 9",Прямой,07:00:00,07:10:00,19.0,3500.0
122,31,Тим-Профи,"Московское ш., 115с4","Шушары, Новгородский проспект, 2к1",Прямой,07:00:00,07:10:00,19.0,3750.0
123,32,Формация (Ст.м. Проспект Просвещения),Ст.м. Проспект Просвещения,"Горское шоссе, д. 169",Прямой,07:00:00,07:10:00,40.0,
124,32,Формация (Ст.м. Проспект Просвещения),Ст.м. Проспект Просвещения,"Горское шоссе, д. 169",1/2 круга,07:00:00,07:10:00,40.0,
125,10,OZON Бугры (ст.м. Девяткино),Ст.м. Девяткино,"Бугры, Шоссейная ул., 50к1",1/2 круга,07:00:00,07:10:00,55.0,3500.0
126,36,OZON КГТ Волхонское (Ст.м. Ветеранов),"Пр. Ветеранов, 21","Волхонское шоссе, 108с5",1/2 круга,07:00:00,07:10:00,19.0,2500.0
127,36,OZON КГТ Волхонское (Ст.м. Ветеранов),"Пр. Ветеранов, 21","Волхонское шоссе, 108с5",1/2 круга,07:00:00,07:10:00,55.0,4000.0
128,36,OZON КГТ Волхонское (Ст.м. Ветеранов),"Пр. Ветеранов, 23","Волхонское шоссе, 108с5",1/2 круга,07:00:00,07:10:00,19.0,2500.0
129,10,OZON Парнас,Ст.м. Парнас,"Бугры, Шоссейная ул., 50к1",Прямой,07:00:00,07:10:00,19.0,3500.0
130,10,OZON Парнас,Ст.м. Парнас,"Бугры, Шоссейная ул., 50к1",1/2 круга,07:00:00,07:10:00,19.0,
131,10,OZON Парнас,Ст.м. Парнас,"Бугры, Шоссейная ул., 50к1",Прямой,07:00:00,07:10:00,30.0,5600.0
132,10,OZON Парнас,Ст.м. Парнас,"Бугры, Шоссейная ул., 50к1",1/2 круга,07:00:00,07:10:00,50.0,3500.0
133,11,"OZON Рыбацкое (Штат Софийская, 118)","Ст.м. Рыбацкое, 3-й Рыбацкий проезд","Софийская, 118 к.4 стр.1",1/2 круга,07:00:00,07:10:00,20.0,1500.0
134,15,Ай Би Фэсилити (В.О.),ул. Наличная 40к1(карман),"В.О., бульв. Головнина, д. 11 (по ЗСД) - 2 мирика",Прямой,07:00:00,07:15:00,30.0,7516.39
135,15,Ай Би Фэсилити (В.О.),ул. Наличная 40к1(карман) ,"В.О., бульв. Головнина, д. 11 (по ЗСД) - 2 мирика",Прямой,07:00:00,07:15:00,30.0,7516.39
136,13,Бристоль (Ст.м. Московская),"Ст.м. Московская Демонстрационный пр-д, остановка","Волхонское ш., 3к2",Прямой,07:10:00,07:15:00,19.0,3300.0
137,3,ЛеманаПро (Колпино),"Колпино, ул. Труда, 22/15","Московское ш., 177А",1/2 круга,07:05:00,07:15:00,20.0,2400.0
138,37,Один,Дачный 19к1,"Волхонское ш., 4к8 стр. 2",Прямой,07:15:00,07:15:00,20.0,3840.16
139,38,ПАО «Россети Ленэнерго»,Ст.м. Черная речка,"Белоостров, Новое ш., 53А",Прямой,07:05:00,07:15:00,18.0,6000.0
140,39,Тим - Профи,"Корабельная ул., 6к1","Шушары, Школьная ул., 81",Прямой,07:00:00,07:15:00,19.0,3500.0
141,31,Тим-Профи,"Корабельная ул., 6к1","Шушары, Новгородский проспект, 2к1",Прямой,07:00:00,07:15:00,35.0,8333.33333333333
142,10,OZON Бугры (ст.м. Девяткино),Ст.м. Девяткино,"Бугры, Шоссейная ул., 50к1",Прямой,07:05:00,07:15:00,19.0,4500.0
143,10,OZON Бугры (ст.м. Девяткино),Ст.м. Девяткино,"Бугры, Шоссейная ул., 50к1",1/2 круга,07:05:00,07:15:00,55.0,3500.0
144,40,Петрович (ст.м.Гражданский проспект),Ст.м.Гражданский пр.,"ЦО (6-й Верхний переулок, 12В)",Прямой,07:10:00,07:20:00,20.0,1399.0
145,34,Сатурн (Ст.м. Гражданский Проспект),Ст.м. Гражданский Проспект,"Индустриальный, 71",Прямой,07:20:00,07:20:00,20.0,
146,34,Сатурн (Ст.м. Ладожская),Ст.м. Ладожская,"Индустриальный, 71",Прямой,07:20:00,07:20:00,20.0,
147,10,OZON Бугры (ст.м. Девяткино),Ст.м. Девяткино,"Бугры, Шоссейная ул., 50к1",1/2 круга,07:10:00,07:20:00,55.0,3500.0
148,41,Респект,Ст.м. Московская,"6-й Предпортовый пр-д, 14к13",Прямой,07:15:00,07:25:00,19.0,3523.81
149,41,Респект,Ст.м. Московская,"6-й Предпортовый пр-д, 14к13",Прямой,07:15:00,07:25:00,19.0,4000.0
150,39,Тим - Профи,"Хостел ""Мэрибель"", Октябрьская наб., 50","Участок в Кудрово напротив Мурманское ш., 1",Прямой,07:20:00,07:25:00,19.0,3500.0
151,42,"Аюна (Комендантский, 65)","Комендантский проспект, 65","Шафировский пр., 17П",Прямой,07:20:00,07:30:00,35.0,8000.0
152,42,Аюна (ст.м. Проспект Просвещения),Просвещения 31,"Шафировский пр., 17П",Прямой,07:20:00,07:30:00,19.0,4508.2
153,43,ЛСР,Ст.м. Гражданский проспект,"Муринская дорога, 10",Прямой,07:20:00,07:30:00,19.0,2250.0
154,44,НАО Перинт,Ст.м. Дыбенко,"Заневское городское поселение, 1-й проезд, 15/16, территория Соржа",Прямой,07:20:00,07:30:00,50.0,
155,45,Сбербанк,Ст.м. Пл.Ленина,"ул.Львовская, 27",Прямой,07:20:00,07:30:00,40.0,2450.0
156,46,СИП,Корабельная  6,Ленинский пр.100,Прямой,07:20:00,07:30:00,19.0,3000.0
157,31,Тим-Профи,"Шушары, Новгородский проспект, 2к1","Московское ш., 115с4",Прямой,07:20:00,07:30:00,50.0,3750.0
158,47,"ТИС, ""Сестрорецкий курорт""",Ст.м.Черная Речка,"Сестрорецк, ул. Максима Горького, 2",Прямой,07:20:00,07:30:00,19.0,4000.0
159,48,"ТИС, ""Сестрорецкий курорт""",Ст.м.Черная Речка,"Сестрорецк, ул. Максима Горького, 2",Прямой,07:20:00,07:30:00,19.0,4000.0
160,49,ФГУП ФЭО,"Колпино, ж/д станция","Колпино, полигон Красный Бор",1/2 круга,07:20:00,07:30:00,50.0,4770.0
161,49,ФГУП ФЭО,"Колпино, ж/д станция","Колпино, полигон Красный Бор",Прямой,07:20:00,07:30:00,50.0,8990.8
162,50,ХАБ  (ст.м. Московская),Ст.м. Московская,"Волхонское шоссе, 11, лит. Б",1/2 круга,07:20:00,07:30:00,35.0,3750.0
163,51,Деловые Линии,ст.м. Парнас,"1-й Верхний пер., д.12 Б",1/2 круга,07:30:00,07:40:00,50.0,2500.0
164,52,КЛЕВЕР,"Дачный проспект, 19к1","Таллинское ш., д. 206",Прямой,07:30:00,07:40:00,19.0,3524.59
165,27,Равиолло,Ст.м. Проспект Ветеранов,"Петергофское ш., 73к2",Прямой,07:35:00,07:40:00,20.0,2850.0
166,53,"Ресторан ""В чаще""","Мурино, пр. Авиаторов Балтики, 5","Людмилы Кедриной, 23 (Охта парк)",Прямой,07:30:00,07:40:00,20.0,3333.33
167,53,"Ресторан ""В чаще""",Ст.м.Девяткино (через Бугры),"Людмилы Кедриной, 23 (Охта парк)",Прямой,07:30:00,07:40:00,20.0,3250.0
168,54,"Ресторан ""В чаще"" (Парнас)",Ст.м. Парнас (через Бугры),"Людмилы Кедриной, 23 (Охта парк)",Прямой,07:30:00,07:40:00,20.0,3300.0
169,9,OZON Шушары,Ст.м. Шушары,"Московское ш., 145с10",Прямой,07:30:00,07:40:00,20.0,3000.0
170,55,Би Си Си,Ст.м. Проспект Просвещения,"АК ""Левашово""",Прямой,07:35:00,07:45:00,19.0,4000.0
171,56,ЕвроТек,Пр. Маршала Жукова/ пр. Ветеранов,"Терволово, Ленинградская ул., 15Э",Прямой,07:35:00,07:45:00,25.0,5000.0
172,57,ООО АБ Инжиниринг,Ст.м. Проспект Просвещения,"АК ""Левашово""",Прямой,07:35:00,07:45:00,19.0,4000.0
173,40,Петрович (ст.м.Парнас),Ст.м. Парнас,"ЦО (6-й Верхний переулок, 12В)",Прямой,07:45:00,07:45:00,50.0,2000.0
174,27,Равиолло,Ст.м. Проспект Ветеранов,"Петергофское ш., 73к2",Прямой,07:35:00,07:45:00,20.0,2850.0
175,17,СК-Сервис,"Петергофское ш., д. 71",Ст.м.Ветеранов,1/2 круга,07:30:00,07:45:00,30.0,2200.82
176,58,Стоун Айленд,Ст.м. Проспект Просвещения,"Токсово, Зубровник (напротив)",Прямой,07:40:00,07:45:00,19.0,5491.8
177,59,ТИС,Ст.м. Проспект Ветеранов,"Новоселье, ул. Петропавловская дом 13",Прямой,07:30:00,07:45:00,20.0,4508.2
178,1,БТК ОП Порошкино (ст.м. Девяткино),Ст.м. Девяткино,"Всеволожский район, трасса Юкки - Кузьмолово, 7-й километр, 19",Прямой,07:40:00,07:50:00,19.0,5000.0
179,60,МГ,Дачный 19к1,"Волхонское ш., 6 - Волхонское ш., 4",Прямой,07:50:00,07:50:00,20.0,3000.0
180,60,МГ,Дачный 19к1,"Волхонское ш., 6",Прямой,07:50:00,07:50:00,20.0,
181,27,Равиолло,Ст.м. Ленинский пр.,"Петергофское ш., 73к2",Прямой,07:40:00,07:50:00,20.0,3325.0
182,54,"Ресторан ""В чаще""","Бугры, Шоссейная ул., 5","Людмилы Кедриной, 23 (Охта парк)",Прямой,07:50:00,07:55:00,20.0,3250.0
183,15,Ай Би Фэсилити (В.О.),ул. Наличная 40к1(карман),"В.О., бульв. Головнина, д. 11 (по ЗСД)",Прямой,07:50:00,08:00:00,20.0,5303.28
184,15,Ай Би Фэсилити (В.О.),ул. Наличная 40к1(карман),"В.О., бульв. Головнина, д. 11 (по ЗСД)",Прямой,07:50:00,08:00:00,30.0,7083.333333333333
185,61,АртСтройДок,Ст.м. Беговая,Кронштадт ул. Макаровская 2Л,Прямой,07:50:00,08:00:00,19.0,7000.0
186,42,Аюна,"Комендантский проспект, 65","Шафировский пр., 17П",Прямой,07:50:00,08:00:00,19.0,4000.0
187,42,Аюна,"Комендантский проспект, 65","Шафировский пр., 17П",Прямой,07:50:00,08:00:00,35.0,7000.0
188,1,БТК (ОП Порошкино),Ст.м. Парнас,"Трасса Юкки - Кузьмолово, 7-й километр, 2",Прямой,07:50:00,08:00:00,50.0,7000.0
189,1,БТК ОП Порошкино (ст.м. Парнас),Ст.м. Парнас,"Всеволожский район, трасса Юкки - Кузьмолово, 7-й километр, 19",Прямой,07:50:00,08:00:00,19.0,4500.0
190,62,Касимово (школа) дети,Пр.Культуры/ пр.Луначарского,"д.Касимово, Новая ул., 12",Прямой,07:50:00,08:00:00,20.0,5000.0
191,63,ЛСС,Ст.м. Озерки,Аэродром Левашово,Прямой,07:50:00,08:00:00,9.0,5000.0
192,64,ООО ЧОО РН БЕЗОПАСНОСТЬ (Волхонское),"Колпино, Финляндская ул., 17к3","Волхонское ш., 108с4 - Колпино, Финляндская ул., 17к3",Прямой,07:30:00,08:00:00,2.0,
193,64,ООО ЧОО РН БЕЗОПАСНОСТЬ (Колпино),"Колпино, Финляндская ул., 17к3","Колпинское ш., 135к2с1 - Колпино, Финляндская ул., 17к3",Прямой,07:30:00,08:00:00,2.0,
194,28,Резерв (Бронка),"Ломоносов, ж/д-ст. Бронка","пр. Александровской Фермы, 29Б",1/2 круга,07:50:00,08:00:00,19.0,3541.67
195,65,Текманн,Ст.м. Черная речка,"ул. 3-я Конная Лахта, 38",Прямой,07:50:00,08:00:00,18.0,4016.39
196,66,АО ЮЗ ТЭЦ,"Авиационная ул., 9","ул. Доблести, 1",Прямой,08:00:00,08:10:00,30.0,
197,51,Деловые Линии,"1-й Верхний пер., д.12 Б",ст.м. Парнас,1/2 круга,08:00:00,08:10:00,50.0,2500.0
198,62,Касимово (школа),Пр.Культуры/ пр.Луначарского,"д.Касимово, Новая ул., 12",Прямой,08:00:00,08:10:00,19.0,3000.0
199,27,Равиолло,"Петергофское ш., 73к2",Ст.м. Ленинский пр.,1/2 круга,08:10:00,08:10:00,20.0,3990.0
200,27,Равиолло,"Петергофское ш., 73к2",Ст.м. Ленинский пр.,1/2 круга,08:10:00,08:10:00,28.0,3990.0
201,34,Сатурн (Ст.м. Гражданский Проспект),Ст.м. Гражданский Проспект,"Индустриальный, 71",Прямой,08:10:00,08:10:00,30.0,
202,31,Тим-Профи,"Витебский пр., 109","Московское ш., 115с4",Прямой,08:00:00,08:10:00,19.0,2291.666666666667
203,31,Тим-Профи,"Витебский пр., 109","Московское ш., 115с4",Прямой,08:00:00,08:10:00,50.0,3750.0
204,31,Тим-Профи,Витебский пр./ Шушарская дорога,"Тамбовская ул., 80",Прямой,08:00:00,08:10:00,50.0,4500.0
205,67,VALTEC,"Невский пр., 175","ул. Профессора Качалова, 11к3",Прямой,08:00:00,08:10:00,20.0,3000.0
206,67,Valtec,"Невский пр., 175","ул. Профессора Качалова, 11к3",Прямой,08:00:00,08:10:00,35.0,4500.0
207,21,Кадры 24,"Московский пр., 161к13",Купчино - Яковлевский переулок 2,1/2 круга,08:05:00,08:15:00,19.0,2500.0
208,3,ЛеманаПро (Гатчина),"Московское ш., 177А","Гатчина, улица Чехова, 14Ас3",1/2 круга,08:05:00,08:15:00,20.0,3350.0
209,3,ЛеманаПро (Колпино),"Московское ш., 177А","Колпино, ул. Труда, 22/15",1/2 круга,08:05:00,08:15:00,20.0,2400.0
210,3,ЛеманаПро (ст.м. Проспект Ветеранов),"Московское ш., 177А",Ст.м. Проспект Ветеранов,1/2 круга,08:05:00,08:15:00,40.0,3800.0
211,32,Формация (Ст.м. Беговая),"Горское шоссе, д. 169",Ст.м. Беговая (через ЗСД),Прямой,08:05:00,08:15:00,40.0,
212,32,Формация (Ст.м. Беговая),"Горское шоссе, д. 169",Ст.м. Беговая (через ЗСД),1/2 круга,08:05:00,08:15:00,40.0,
213,32,Формация (Ст.м. Девяткино),"Горское шоссе, д. 169",Ст.м. Девяткино,1/2 круга,08:05:00,08:15:00,19.0,2750.0
214,32,Формация (Ст.м. Девяткино),"Горское шоссе, д. 169",Ст.м. Девяткино,1/2 круга,08:05:00,08:15:00,50.0,
215,32,Формация (Ст.м. Проспект Просвещения),"Горское шоссе, д. 169",Ст.м. Проспект Просвещения,Прямой,08:05:00,08:15:00,40.0,
216,32,Формация (Ст.м. Проспект Просвещения),"Горское шоссе, д. 169",Ст.м. Проспект Просвещения,1/2 круга,08:05:00,08:15:00,40.0,
217,68,OZON Понссе,Дачный 19к1,"Понссе, 20",1/2 круга,08:10:00,08:15:00,30.0,3000.0
218,69,OZON Понссе (ст.м. Ветеранов),Дачный 19к1,"Понссе, 20",1/2 круга,08:10:00,08:15:00,19.0,2500.0
219,70,OZON Раум Бугры (Ст.м. Девяткино),Ст.м. Девяткино,"КАД, 23-й километр, внутреннее кольцо, 2",1/2 круга,08:05:00,08:15:00,19.0,2950.0
220,71,АПГ,"Авиационная ул, напротив дома 7, остановка","Гатчина, проезд Энергетиков, 15",Прямой,08:20:00,08:20:00,10.0,5491.8
221,71,АПГ,"Авиационная ул, напротив дома 7, остановка","Гатчина, Индустриальная, 16Б",Прямой,08:20:00,08:20:00,10.0,2916.666666666667
222,51,БИЗНЕС BOX,Ст.м. Беговая,"Лахтинский пр., 85к1",Прямой,08:10:00,08:20:00,20.0,1600.0
223,20,Дикси-ЮГ (РЦ Шушары),"Московское ш., 70к4В","Колпино, ж/д вокзал",1/2 круга,08:10:00,08:20:00,47.0,3900.0
224,5,Коломенский,"Пушкин, Тиньков переулок, 7Д","ул. Салова, 29",1/2 круга,08:10:00,08:20:00,15.0,3000.0
225,40,Петрович (ст.м.Гражданский проспект),Ст.м.Гражданский пр.,"ЦО (6-й Верхний переулок, 12В)",Прямой,08:10:00,08:20:00,20.0,1800.0
226,34,Сатурн (Ст.м. Ладожская),Ст.м. Ладожская,"Индустриальный, 71",Прямой,08:20:00,08:20:00,20.0,
227,24,Сберлогистика,"Витебский пр., 99 (ст.м. Купчино)","Московское ш., 26 и через откатные ворота к Москоскому ш.52",1/2 круга,08:10:00,08:20:00,19.0,1416.6666666666667
228,7,Хлебный дом (Маршала Тухачевского),"Ул. Ольги Форш, 10","ул. Маршала Тухачевского, 24",1/2 круга,08:10:00,08:20:00,19.0,2500.0
229,72,Хонор,"Софийская, 118 к.4 стр.3","Московское ш., 117с1",Прямой,08:10:00,08:20:00,20.0,3333.33
230,22,OZON ЛЦ Горское (Кудрово),"Парголово, Горское ш., 6с16","Кудрово, Новая ул.",1/2 круга,08:10:00,08:20:00,19.0,2500.0
231,73,OZON РЦ Бугры (Ст.м. Девяткино),Ст.м. Девяткино,"Бугры, Шоссейная ул., 58к1",Прямой,08:10:00,08:20:00,20.0,3325.0
232,73,OZON РЦ Бугры (Ст.м. Просвещения),Ст.м. Проспект Просвещения,"Бугры, Шоссейная ул., 58к1",Прямой,08:10:00,08:20:00,20.0,3325.0
233,51,Деловые Линии,ст.м. Парнас,"1-й Верхний пер., д.12 Б",Прямой,08:20:00,08:25:00,50.0,2500.0
234,5,Коломенский (Гатчина),"Пушкин, Тиньков переулок, 7Д","Гатчина, Красноармейский пр., 50",1/2 круга,08:15:00,08:25:00,15.0,3500.0
235,5,Коломенский (ЖК Солнечный город),"Пушкин, Тиньков переулок, 7Д","Пр. Ветеранов, 183",1/2 круга,08:15:00,08:25:00,15.0,3500.0
236,5,Коломенский (Колпино),"Пушкин, Тиньков переулок, 7Д","Колпино, Привокзальная площадь",1/2 круга,08:15:00,08:25:00,15.0,2500.0
237,5,Коломенский (Коммунар),"Пушкин, Тиньков переулок, 7Д","Коммунар, Ленинградское ш., 7А",1/2 круга,08:15:00,08:25:00,9.0,3500.0
238,5,Коломенский (Красное Село),"Пушкин, Тиньков переулок, 7Д",Автобусная станция Красное Село,1/2 круга,08:15:00,08:25:00,19.0,3000.0
239,5,Коломенский (Ст.м. Московская),"Пушкин, Тиньков переулок, 7Д","Ст.м. Московская, Демонстрационный проезд",1/2 круга,08:15:00,08:25:00,50.0,4000.0
240,11,"OZON Большевиков (Штат Софийская, 118)","Софийская, 118 к.4 стр.1",Ст.м. Проспект Большевиков,1/2 круга,08:15:00,08:25:00,50.0,3750.0
241,11,"OZON Гатчина (Штат Софийская, 118)","Софийская, 118 к.4 стр.1","Гатчина, Варшавский вокзал",1/2 круга,08:15:00,08:25:00,20.0,3100.0
242,11,"OZON Гатчина (Штат Софийская, 118)","Софийская, 118 к.4 стр.1","Гатчина, Варшавский вокзал",1/2 круга,08:15:00,08:25:00,35.0,5250.0
243,11,"OZON Красноармейская (Штат Софийская, 118)","Софийская, 118 к.4 стр.1","2-я Красноармейская ул., 1",1/2 круга,08:15:00,08:25:00,20.0,3000.0
244,11,"OZON Рыбацкое (Штат Софийская, 118)","Софийская, 118 к.4 стр.1","Ст.м. Рыбацкое, 3-й Рыбацкий проезд",1/2 круга,08:15:00,08:25:00,20.0,1500.0
245,7,Муринская - Хлебный дом - Коломенское,"Тиньков переулок, 7Д","Смоленская улица, 18А",1/2 круга,08:20:00,08:30:00,19.0,4400.0
246,74,НПО Промет,"Ст.м.Купчино (Витебский пр., 101)","Московское ш., 139",Прямой,08:30:00,08:30:00,20.0,4016.39
247,8,ПИТ-ПРОДУКТ (Красное Село),"ул. Понссе, 3","Красное Село, Красногородская ул./ Гатчинское ш.",1/2 круга,08:20:00,08:30:00,50.0,3000.0
248,8,ПИТ-ПРОДУКТ (ст.м. Московская),"ул. Понссе, 3",Ст.м. Московская,1/2 круга,08:20:00,08:30:00,50.0,3300.0
249,45,Сбербанк,Ст.м. Пл.Ленина,"ул.Львовская, 27",Прямой,08:20:00,08:30:00,40.0,2450.0
250,7,"Хлебный дом (""Огни залива"")","Смоленская улица, 18А","Ленинский пр., 43",1/2 круга,08:25:00,08:30:00,30.0,4000.0
251,7,"Хлебный дом (""Огни залива"")","Смоленская улица, 6 (остановка)","Ленинский пр., 43",1/2 круга,08:25:00,08:30:00,15.0,2500.0
252,7,"Хлебный дом (""Огни залива"")","Смоленская улица, 6 (остановка)","Ленинский пр., 43",1/2 круга,08:25:00,08:30:00,19.0,2500.0
253,7,Хлебный дом (ст.м. Ладожская),"Смоленская улица, 6 (остановка)","Заневский пр., 32",1/2 круга,08:25:00,08:30:00,15.0,2500.0
254,7,Хлебный дом (ст.м. Ладожская),"Смоленская улица, 6 (остановка)","Заневский пр., 42",1/2 круга,08:25:00,08:30:00,15.0,2500.0
255,9,OZON Большевиков,"Большевиков, д.1","Ст.м.Дыбенко - Московское ш., 145с10",1/2 круга,08:20:00,08:30:00,50.0,3900.0
256,9,OZON Большевиков,"Московское ш., 145с10","Ст.м.Дыбенко - Большевиков, д.1",1/2 круга,08:15:00,08:30:00,19.0,3000.0
257,9,OZON Большевиков,"Московское ш., 145с10","Ст.м.Дыбенко - Большевиков, д.1",1/2 круга,08:15:00,08:30:00,50.0,3900.0
258,18,OZON Большевиков (ФФ),"Московское ш., 141/143","Ст.м.Дыбенко - Большевиков, д.1",1/2 круга,08:15:00,08:30:00,35.0,3750.0
259,18,OZON Большевиков (ФФ),"Московское ш., 141/143","Ст.м.Дыбенко - Большевиков, д.1",1/2 круга,08:15:00,08:30:00,55.0,3750.0
260,10,OZON Бугры (Всеволожск),"Бугры, Шоссейная ул., 50к1","Всеволожск, Колтушское шоссе, 39Б",1/2 круга,08:15:00,08:30:00,30.0,4250.0
261,10,OZON Бугры (ст.м. Беговая),"Бугры, Шоссейная ул., 50к1",Ст.м. Беговая,1/2 круга,08:15:00,08:30:00,19.0,2500.0
262,10,OZON Бугры (ст.м. Беговая),"Бугры, Шоссейная ул., 50к1",Ст.м. Беговая,1/2 круга,08:15:00,08:30:00,35.0,3500.0
263,10,OZON Бугры (ст.м. Девяткино),"Бугры, Шоссейная ул., 50к1",Ст.м. Девяткино,1/2 круга,08:20:00,08:30:00,55.0,3500.0
264,10,OZON Бугры (ст.м. Девяткино),"Бугры, Шоссейная ул., 50к1",Ст.м. Девяткино,1/2 круга,08:20:00,08:30:00,55.0,4000.0
265,10,OZON Бугры (ст.м. Дыбенко),"Бугры, Шоссейная ул., 50к1",Ст.м. Дыбенко,1/2 круга,08:15:00,08:30:00,19.0,2650.0
266,10,OZON Бугры (ст.м. Дыбенко),"Бугры, Шоссейная ул., 50к1",Ст.м. Дыбенко,1/2 круга,08:15:00,08:30:00,19.0,4000.0
267,10,OZON Бугры (ст.м. Дыбенко),"Бугры, Шоссейная ул., 50к1",Ст.м. Дыбенко,1/2 круга,08:15:00,08:30:00,55.0,4000.0
268,10,OZON Бугры (Цветной город),"Бугры, Шоссейная ул., 50к1","Васнецовский проспект, 28",1/2 круга,08:15:00,08:30:00,30.0,3500.0
269,9,OZON Ветеранов,"Московское ш., 145с10",Ст.м. Проспект Ветеранов,1/2 круга,08:15:00,08:30:00,20.0,4200.0
270,9,OZON Гатчина,"Московское ш., 145с10","Гатчина, Варшавский вокзал",Прямой,08:15:00,08:30:00,20.0,4000.0
271,18,OZON Дыбенко (ФФ),"Московское ш., 141/143",Ст.м.Дыбенко,1/2 круга,08:15:00,08:30:00,55.0,3750.0
272,18,OZON Дыбенко (ФФ),"Московское ш., 143","ст.м.Дыбенко - Большевиков, д.1",1/2 круга,08:15:00,08:30:00,19.0,3500.0
273,36,OZON КГТ Волхонское (Ст.м. Ветеранов),"Волхонское шоссе, 108с5","бульвар Новаторов, 83А",1/2 круга,08:20:00,08:30:00,19.0,2500.0
274,36,OZON КГТ Волхонское (Ст.м. Ветеранов),"Волхонское шоссе, 108с5","бульвар Новаторов, 83А",1/2 круга,08:20:00,08:30:00,55.0,4000.0
275,10,OZON Комендантский,"Бугры, Шоссейная ул., 50к1",Ст.м. Комендантский пр.,1/2 круга,08:20:00,08:30:00,19.0,
276,10,OZON Комендантский,"Бугры, Шоссейная ул., 50к1",Ст.м. Комендантский пр.,1/2 круга,08:20:00,08:30:00,50.0,3500.0
277,14,OZON Комьюнити Заневский,"Софийская, 118 к4 стр.1","Заневский пр., 32к2",1/2 круга,08:10:00,08:30:00,50.0,4000.0
278,14,OZON Комьюнити Минеральная,"Софийская, 118 к4 стр.1","ул. Минеральная, 29",1/2 круга,08:10:00,08:30:00,50.0,7500.0
279,9,OZON Купчино,"Московское ш., 145с10",Ст.м. Купчино,1/2 круга,08:15:00,08:30:00,50.0,3500.0
280,9,OZON Купчино,"Московское ш., 145с10",Ст.м. Купчино,1/2 круга,08:15:00,08:30:00,50.0,5000.0
281,19,OZON ЛЦ Волхонское (Красное село),"Волхонское шоссе, 108","Красное село, проспект Ленина, 77А",1/2 круга,08:20:00,08:30:00,50.0,4500.0
282,19,OZON ЛЦ Волхонское (ст.м. Ветеранов),"Волхонское шоссе, 108","Бульвар Новаторов, 98В",1/2 круга,08:15:00,08:30:00,19.0,2250.0
283,19,OZON ЛЦ Волхонское (ст.м. Ветеранов),"Волхонское шоссе, 108","Бульвар Новаторов, 98В",1/2 круга,08:15:00,08:30:00,30.0,4500.0
284,19,OZON ЛЦ Волхонское (ст.м. Купчино),"Волхонское шоссе, 108",Ст.м. Купчино,1/2 круга,08:20:00,08:30:00,30.0,3500.0
285,19,OZON ЛЦ Волхонское (Стрельна),"Волхонское шоссе, 108с2","Стрельна, Фронтовая улица, 10Б",1/2 круга,08:20:00,08:30:00,30.0,4500.0
286,19,OZON ЛЦ Волхонское (Стрельна),"Волхонское шоссе, 108с2",Ветеранов 183 ,1/2 круга,08:20:00,08:30:00,50.0,4500.0
287,75,OZON ЛЦ Шушары (Ст.м. Ладожская),Ст.м. Ладожская,"Московское ш., 145с10",1/2 круга,08:15:00,08:30:00,55.0,4000.0
288,10,OZON Парнас,"Бугры, Шоссейная ул., 50к1",Ст.м. Парнас,1/2 круга,08:20:00,08:30:00,19.0,
289,10,OZON Парнас,"Бугры, Шоссейная ул., 50к1",Ст.м. Парнас,1/2 круга,08:20:00,08:30:00,30.0,3000.0
290,10,OZON Парнас,"Бугры, Шоссейная ул., 50к1",Ст.м. Парнас,1/2 круга,08:20:00,08:30:00,50.0,3500.0
291,10,OZON Просвещения,"Бугры, Шоссейная ул., 50к1",Ст.м. Проспект Просвещения,1/2 круга,08:15:00,08:30:00,19.0,
292,10,OZON Просвещения,"Бугры, Шоссейная ул., 50к1",Ст.м. Проспект Просвещения,1/2 круга,08:15:00,08:30:00,30.0,3500.0
293,10,OZON Просвещения,"Бугры, Шоссейная ул., 50к1",Ст.м. Проспект Просвещения,1/2 круга,08:15:00,08:30:00,50.0,3500.0
294,10,OZON Просвещения,"Бугры, Шоссейная ул., 50к1",Ст.м. Проспект Просвещения,1/2 круга,08:15:00,08:30:00,55.0,3500.0
295,12,OZON ПСЦ Колпино (Кировск),"Колпинское ш., 135с2","г. Кировск, Театральная площадь",1/2 круга,08:15:00,08:30:00,20.0,5000.0
296,12,OZON ПСЦ Колпино (Кудрово),"Колпинское ш., 135с2","Кудрово, Пражская ул., 9",1/2 круга,08:20:00,08:30:00,19.0,3200.0
297,12,OZON ПСЦ Колпино (м. Большевиков),"Колпинское ш., 135с2","Пр. Большевиков, д.2",1/2 круга,08:20:00,08:30:00,55.0,3995.0
298,12,OZON ПСЦ Колпино (м. Ветеранов),"Колпинское ш., 135с2","Дачный пр., 18",1/2 круга,08:15:00,08:30:00,19.0,3000.0
299,12,OZON ПСЦ Колпино (м. Ветеранов),"Колпинское ш., 135с2","Дачный пр., 18",1/2 круга,08:15:00,08:30:00,20.0,3000.0
300,12,OZON ПСЦ Колпино (м. Ветеранов),"Колпинское ш., 135с2","Дачный пр., 18",1/2 круга,08:15:00,08:30:00,55.0,4500.0
301,12,OZON ПСЦ Колпино (м. Ладожская),"Колпинское ш., 135с2",Ст.м. Ладожская,1/2 круга,08:15:00,08:30:00,20.0,3150.0
302,40,Петрович (ст.м.Парнас),Ст.м. Парнас,"ЦО (6-й Верхний переулок, 12В)",Прямой,08:35:00,08:35:00,50.0,2000.0
303,76,Таможня,"Московский пр., 193В","Петербургское ш., 62к4 (ПБС)",Прямой,08:35:00,08:35:00,20.0,3310.0
304,77,Таможня,"Московский пр., 193В","Петербургское ш., 62к4 (ПБС)",Прямой,08:35:00,08:35:00,20.0,2880.0
305,51,БИЗНЕС BOX,Ст.м. Беговая,"Лахтинский пр., 85к1",Прямой,08:30:00,08:40:00,20.0,1600.0
306,49,ФГУП ФЭО,"Колпино, полигон Красный Бор","Колпино, ж/д станция",1/2 круга,08:30:00,08:40:00,50.0,4770.0
307,10,OZON Бугры (Заневский),"Бугры, Шоссейная ул., 50к1","Заневский пр.,32к2",1/2 круга,08:30:00,08:40:00,19.0,4000.0
308,67,Valtec,"Невский пр., 175","ул. Профессора Качалова, 11к3",Прямой,08:30:00,08:40:00,35.0,4500.0
309,15,Ай Би Фэсилити,Ст.м.Беговая,"Лахтинский просп., 83, корп. 2 - Лахта",Прямой,08:20:00,08:45:00,20.0,2600.0
310,15,Ай Би Фэсилити,Ст.м.Беговая,"Лахтинский просп., 83, корп. 2 - Лахта",Прямой,08:20:00,08:45:00,50.0,6631.15
311,78,ООО Т2 Мобайл (Ст.м. Беговая),Ст.м. Беговая,"Приморский пр., 54к1",Прямой,08:30:00,08:45:00,20.0,3100.0
312,78,ООО Т2 Мобайл (Ст.м. Старая Деревня),Ст.м. Старая Деревня,"Приморский пр., 54к1",Прямой,08:30:00,08:45:00,20.0,3100.0
313,79,Лесная Рапсодия,"ул. Савушкина, 13","ЛО, п.Ильичево, Ул. Линтульская аллея, д.8",1/2 круга,08:35:00,08:50:00,19.0,4285.71
314,80,Ресторанная Служба,"СПб, Савушкина 9","ЛО, п. Ильичево, ул. Линтульская аллея, д. 1",1/2 круга,08:35:00,08:50:00,19.0,6000.0
315,32,Формация (Ст.м. Проспект Просвещения),Ст.м. Проспект Просвещения,"Горское шоссе, д. 169",Прямой,08:40:00,08:50:00,40.0,
316,9,OZON Купчино,Ст.м. Купчино,"Московское ш., 145с10",1/2 круга,08:40:00,08:50:00,50.0,3500.0
317,32,Формация (Ст.м. Беговая),Ст.м. Беговая,"Горское шоссе, д. 169 (через ЗСД)",Прямой,08:45:00,08:55:00,40.0,3166.6666666666665
318,32,Формация (Ст.м. Старая Деревня),Ст.м. Старая Деревня,"Горское шоссе, д. 169 (через ЗСД)",Прямой,08:50:00,09:00:00,19.0,
319,9,OZON Ветеранов,Ст.м. Проспект Ветеранов,"Московское ш., 145с10",1/2 круга,08:50:00,09:00:00,50.0,3500.0
320,19,OZON ЛЦ Волхонское (ст.м. Ветеранов),"Бульвар Новаторов, 98В","Волхонское шоссе, 108",Прямой,08:50:00,09:00:00,30.0,4500.0
321,19,OZON ЛЦ Волхонское (ст.м. Ветеранов),Ст.м. Проспект Ветеранов,"Волхонское шоссе, 108",1/2 круга,08:55:00,09:05:00,19.0,2250.0
322,19,OZON ЛЦ Волхонское (шаттл ст.м. Ветеранов),Ст.м. Проспект Ветеранов,"Волхонское шоссе, 108",1/2 круга,08:55:00,09:05:00,19.0,2250.0
323,62,Касимово (школа),Пр.Культуры/ пр.Луначарского,"д.Касимово, Новая ул., 12",Прямой,09:00:00,09:10:00,19.0,3000.0
324,24,Сберлогистика,"Витебский пр., 99 (ст.м. Купчино)","Московское ш., 26 и через откатные ворота к Москоскому ш.52",1/2 круга,09:00:00,09:15:00,19.0,1416.6666666666667
325,24,Сберлогистика,"Витебский пр., 99 (ст.м. Купчино)","Московское ш., 52",1/2 круга,09:00:00,09:15:00,19.0,1416.6666666666667
326,68,OZON Понссе,"Понссе, 20",Дачный 19к1,1/2 круга,09:05:00,09:15:00,30.0,3000.0
327,69,OZON Понссе (ст.м. Ветеранов),"Понссе, 20",Дачный 19к1,1/2 круга,09:05:00,09:15:00,19.0,2500.0
328,70,OZON Раум Бугры (Ст.м. Девяткино),"КАД, 23-й километр, внутреннее кольцо, 2",Ст.м. Девяткино,1/2 круга,09:05:00,09:15:00,19.0,2950.0
329,24,Сберлогистика,"Московское ш., 52","Витебский пр., 99 (ст.м. Купчино)",1/2 круга,09:10:00,09:20:00,19.0,1416.6666666666667
330,50,ХАБ  (ст.м. Московская),"Волхонское шоссе, 11, лит. Б",Ст.м. Московская,1/2 круга,09:10:00,09:20:00,35.0,3750.0
331,81,OZON Парголово (Ст.м. Просвещения),"п. Парголово, ул Подгорная 61 (ЛЦ Парголово, Склад №5)",Ст.м. Проспект Просвещения,Прямой,09:05:00,09:20:00,19.0,1500.0
332,81,OZON Парголово (Ст.м. Просвещения),"п. Парголово, ул Подгорная 61 (ЛЦ Парголово, Склад №5)",Ст.м. Проспект Просвещения,Прямой,09:05:00,09:20:00,55.0,4500.0
333,82,АНО ДПО «РАТМЕД»,Ст.м. Ветеранов,"территория ССК Русское Оружие, Виллозское городское поселение",Прямой,09:20:00,09:30:00,18.0,5714.29
334,83,Пеоли РУС,"Витебский пр., 99 (ст.м. Купчино)","Московское ш., 26 и через откатные ворота к Москоскому ш.56",1/2 круга,09:20:00,09:30:00,19.0,1500.0
335,10,OZON Бугры (ст.м. Девяткино),"Бугры, Шоссейная ул., 50к1",Ст.м.Девяткино,Прямой,09:15:00,09:30:00,19.0,4500.0
336,10,OZON Бугры (ст.м. Дыбенко),Ст.м. Дыбенко,"Бугры, Шоссейная ул., 50к1",Прямой,09:40:00,09:50:00,19.0,5500.0
337,10,OZON Бугры (ст.м. Дыбенко),Ст.м. Дыбенко,"Бугры, Шоссейная ул., 50к1",Прямой,10:10:00,09:50:00,19.0,5500.0
338,19,OZON ЛЦ Волхонское (ст.м. Ветеранов),"Волхонское шоссе, 108",Ст.м. Проспект Ветеранов,1/2 круга,09:55:00,10:05:00,19.0,2250.0
339,19,OZON ЛЦ Волхонское (шаттл ст.м. Ветеранов),"Волхонское шоссе, 108",Ст.м. Проспект Ветеранов,1/2 круга,09:55:00,10:05:00,19.0,2250.0
340,53,"Ресторан ""В чаще""","Мурино, пр. Авиаторов Балтики, 5","Людмилы Кедриной, 23 (Охта парк)",Прямой,10:00:00,10:15:00,20.0,3333.33
341,54,"Ресторан ""В чаще""",Ст.м.Девяткино (через Бугры),"Людмилы Кедриной, 23 (Охта парк)",Прямой,10:00:00,10:15:00,20.0,3250.0
342,54,"Ресторан ""В чаще"" (Парнас)",Ст.м. Парнас (через Бугры),"Людмилы Кедриной, 23 (Охта парк)",Прямой,10:00:00,10:15:00,20.0,3300.0
343,34,Сатурн (Ст.м. Гражданский Проспект),Ст.м. Гражданский Проспект,"Индустриальный, 71",Прямой,10:20:00,10:20:00,30.0,
344,34,Сатурн (Ст.м. Ладожская),Ст.м. Ладожская,"Индустриальный, 71",Прямой,10:20:00,10:20:00,20.0,
345,10,OZON Бугры (ст.м. Девяткино),Ст.м. Девяткино,"Бугры, Шоссейная ул., 50к1",Прямой,10:10:00,10:20:00,55.0,7000.0
346,10,OZON Бугры (ст.м. Девяткино),Ст.м. Девяткино,"Бугры, Шоссейная ул., 50к1",Прямой,10:10:00,10:20:00,35.0,6000.0
347,10,OZON Бугры (ст.м. Дыбенко),Ст.м. Дыбенко,"Бугры, Шоссейная ул., 50к1",Прямой,10:10:00,10:20:00,19.0,5500.0
348,10,OZON Просвещения,Ст.м. Проспект Просвещения,"Бугры, Шоссейная ул., 50к1",Прямой,10:10:00,10:20:00,19.0,4500.0
349,79,Лесная Рапсодия,"ЛО, п.Ильичево, Ул. Линтульская аллея, д.8","ул. Савушкина, 13",1/2 круга,10:15:00,10:30:00,19.0,4285.71
350,83,Пеоли РУС,"Московское ш., 26","Витебский пр., 99 (ст.м. Купчино)",1/2 круга,10:20:00,10:30:00,19.0,1500.0
351,80,Ресторанная Служба,"ЛО, п. Ильичево, ул. Линтульская аллея, д. 1","СПб, Савушкина 9",1/2 круга,10:15:00,10:30:00,19.0,6000.0
352,9,OZON Большевиков,"Московское ш., 145с10","Ст.м.Дыбенко - Большевиков, д.1",Прямой,10:15:00,10:30:00,19.0,5000.0
353,9,OZON Большевиков,"Московское ш., 145с10","Ст.м.Дыбенко - Большевиков, д.1",1/2 круга,10:15:00,10:30:00,50.0,3900.0
354,9,OZON Ветеранов,"Московское ш., 145с10",Ст.м. Проспект Ветеранов,Прямой,10:15:00,10:30:00,19.0,4000.0
355,9,OZON Ветеранов,"Московское ш., 145с10",Ст.м. Проспект Ветеранов,1/2 круга,10:15:00,10:30:00,50.0,3500.0
356,9,OZON Гатчина,"Московское ш., 145с10","Гатчина, Варшавский вокзал",Прямой,10:15:00,10:30:00,20.0,5300.0
357,9,OZON Гатчина,"Московское ш., 145с10","Гатчина, Варшавский вокзал",Прямой,10:15:00,10:30:00,50.0,8000.0
358,9,OZON Купчино,"Московское ш., 145с10",Ст.м. Купчино,1/2 круга,10:15:00,10:30:00,50.0,3500.0
359,9,OZON Купчино,"Московское ш., 145с10",Ст.м. Купчино,Прямой,10:15:00,10:30:00,50.0,5000.0
360,9,OZON Купчино,"Московское ш., 145с10",Ст.м. Купчино,Прямой,10:15:00,10:30:00,50.0,
361,19,OZON ЛЦ Волхонское (Горелово),"Волхонское шоссе, 108","Красносельское ш., 2к2",Прямой,10:20:00,10:30:00,19.0,5500.0
362,19,OZON ЛЦ Волхонское (ст.м. Ветеранов),"Волхонское шоссе, 108","Бульвар Новаторов, 98В",Прямой,10:20:00,10:30:00,30.0,4500.0
363,75,OZON ЛЦ Шушары (Ст.м. Ладожская),"Московское ш., 145с10",Ст.м. Ладожская,1/2 круга,10:15:00,10:30:00,55.0,4000.0
364,10,OZON Бугры (ст.м. Девяткино),Ст.м. Девяткино,"Бугры, Шоссейная ул., 50к1",Прямой,10:50:00,11:00:00,19.0,4500.0
365,10,OZON Бугры (ст.м. Девяткино),Ст.м. Девяткино,"Бугры, Шоссейная ул., 50к1",Прямой,10:50:00,11:00:00,35.0,6000.0
366,19,OZON ЛЦ Волхонское (ст.м. Ветеранов),Ст.м. Проспект Ветеранов,"Волхонское шоссе, 108",1/2 круга,10:55:00,11:05:00,19.0,2250.0
367,19,OZON ЛЦ Волхонское (шаттл ст.м. Ветеранов),Ст.м. Проспект Ветеранов,"Волхонское шоссе, 108",1/2 круга,10:55:00,11:05:00,19.0,2250.0
368,81,OZON Парголово (Сертолово),"п. Парголово, ул Подгорная 61 (ЛЦ Парголово, Склад №5)","Сертолово-2, ЖК Новое Сертолово",Прямой,11:20:00,11:30:00,19.0,4000.0
369,81,OZON Парголово (Ст.м. Девяткино),"п. Парголово, ул Подгорная 61 (ЛЦ Парголово, Склад №5)",Ст.м. Девяткино,Прямой,11:20:00,11:30:00,19.0,3000.0
370,81,OZON Парголово (Ст.м. Девяткино),"п. Парголово, ул Подгорная 61 (ЛЦ Парголово, Склад №5)",Ст.м. Девяткино,Прямой,11:20:00,11:30:00,35.0,5000.0
371,81,OZON Парголово (Ст.м. Девяткино),"п. Парголово, ул Подгорная 61 (ЛЦ Парголово, Склад №5)",Ст.м. Девяткино,Прямой,11:20:00,11:30:00,55.0,5000.0
372,81,OZON Парголово (Ст.м. Парнас),"п. Парголово, ул Подгорная 61 (ЛЦ Парголово, Склад №5)",Ст.м. Парнас,Прямой,11:15:00,11:30:00,19.0,3000.0
373,81,OZON Парголово (Ст.м. Парнас),"п. Парголово, ул Подгорная 61 (ЛЦ Парголово, Склад №5)",Ст.м. Парнас,Прямой,11:15:00,11:30:00,55.0,5000.0
374,81,OZON Парголово (Ст.м. Пионерская),"п. Парголово, ул Подгорная 61 (ЛЦ Парголово, Склад №5)",Ст.м. Пионерская,Прямой,11:30:00,11:30:00,19.0,3000.0
375,81,OZON Парголово (Ст.м. Пионерская),"п. Парголово, ул Подгорная 61 (ЛЦ Парголово, Склад №5)",Ст.м. Пионерская,Прямой,11:30:00,11:30:00,55.0,5000.0
376,81,OZON Парголово (Ст.м. Просвещения),"п. Парголово, ул Подгорная 61 (ЛЦ Парголово, Склад №5)",Ст.м. Проспект Просвещения,1/2 круга,11:15:00,11:30:00,19.0,1500.0
377,81,OZON Парголово (Ст.м. Просвещения),"п. Парголово, ул Подгорная 61 (ЛЦ Парголово, Склад №5)",Ст.м. Проспект Просвещения,Прямой,11:15:00,11:30:00,19.0,2500.0
378,81,OZON Парголово (Ст.м. Просвещения),"п. Парголово, ул Подгорная 61 (ЛЦ Парголово, Склад №5)",Ст.м. Проспект Просвещения,1/2 круга,11:15:00,11:30:00,35.0,2500.0
379,81,OZON Парголово (Ст.м. Просвещения),"п. Парголово, ул Подгорная 61 (ЛЦ Парголово, Склад №5)",Ст.м. Проспект Просвещения,Прямой,11:15:00,11:30:00,55.0,4500.0
380,81,OZON Парголово (Ст.м. Просвещения),"п. Парголово, ул Подгорная 61 (ЛЦ Парголово, Склад №5)",Ст.м. Проспект Просвещения,1/2 круга,11:15:00,11:30:00,55.0,2500.0
381,81,OZON Парголово (Ст.м. Старая Деревня),"п. Парголово, ул Подгорная 61 (ЛЦ Парголово, Склад №5)",Ст.м. Старая Деревня,Прямой,11:20:00,11:30:00,19.0,3000.0
382,81,OZON Парголово (Ст.м. Старая Деревня),"п. Парголово, ул Подгорная 61 (ЛЦ Парголово, Склад №5)",Ст.м. Старая Деревня,Прямой,11:20:00,11:30:00,55.0,5000.0
383,75,OZON Купчино (дети),Ст.м. Купчино,"Московское ш., 145с10",Прямой,11:30:00,11:40:00,19.0,6000.0
384,75,OZON Купчино (дети),Ст.м. Купчино,"Московское ш., 145с10",Прямой,11:30:00,11:40:00,35.0,8000.0
385,19,OZON ЛЦ Волхонское (ст.м. Ветеранов),"Волхонское шоссе, 108",Ст.м. Проспект Ветеранов,1/2 круга,11:55:00,12:05:00,19.0,2250.0
386,19,OZON ЛЦ Волхонское (шаттл ст.м. Ветеранов),"Волхонское шоссе, 108",Ст.м. Проспект Ветеранов,1/2 круга,11:55:00,12:05:00,19.0,2250.0
387,81,OZON Парголово (Ст.м. Просвещения),Ст.м. Проспект Просвещения,"п. Парголово, ул Подгорная 61 (ЛЦ Парголово, Склад №5)",1/2 круга,11:55:00,12:10:00,19.0,1500.0
388,81,OZON Парголово (Ст.м. Просвещения),Ст.м. Проспект Просвещения,"п. Парголово, ул Подгорная 61 (ЛЦ Парголово, Склад №5)",Прямой,11:55:00,12:10:00,30.0,4500.0
389,81,OZON Парголово (Ст.м. Просвещения),Ст.м. Проспект Просвещения,"п. Парголово, ул Подгорная 61 (ЛЦ Парголово, Склад №5)",1/2 круга,11:55:00,12:10:00,35.0,2500.0
390,81,OZON Парголово (Ст.м. Просвещения),Ст.м. Проспект Просвещения,"п. Парголово, ул Подгорная 61 (ЛЦ Парголово, Склад №5)",1/2 круга,11:55:00,12:10:00,55.0,2500.0
391,10,OZON Бугры (ст.м. Девяткино),Ст.м. Девяткино,"Бугры, Шоссейная ул., 50к1",Прямой,12:50:00,13:00:00,19.0,4500.0
392,2,АО «ЦКБМ»,"проспект Стачек, 47Л","Корабельная улица, 5 (до 16:30)",Прямой,14:20:00,14:30:00,16.0,5500.0
393,10,OZON Бугры (ст.м. Девяткино),Ст.м. Девяткино,"Бугры, Шоссейная ул., 50к1",Прямой,14:50:00,15:00:00,19.0,4500.0
394,19,OZON ЛЦ Волхонское (ст.м. Ветеранов),Ст.м. Проспект Ветеранов,"Волхонское шоссе, 108",1/2 круга,14:55:00,15:05:00,19.0,2250.0
395,19,OZON ЛЦ Волхонское (шаттл ЖК Солнечный город),"Проспект Ветеранов, 168","Волхонское шоссе, 108",1/2 круга,14:55:00,15:05:00,55.0,4500.0
396,19,OZON ЛЦ Волхонское (шаттл ст.м. Ветеранов),Ст.м. Проспект Ветеранов,"Волхонское шоссе, 108",1/2 круга,14:55:00,15:05:00,19.0,2250.0
397,19,OZON ЛЦ Волхонское (шаттл ст.м. Ветеранов),Ст.м. Проспект Ветеранов,"Волхонское шоссе, 108",1/2 круга,14:55:00,15:05:00,55.0,4500.0
398,62,Касимово (школа),"д.Касимово, Новая ул., 12",Ст.м. Озерки,Прямой,15:05:00,15:15:00,19.0,3000.0
399,2,АО «ЦКБМ»,"проспект Стачек, 47Л","Корабельная улица, 5 (до 17:30)",Прямой,15:20:00,15:30:00,16.0,5500.0
400,71,АПГ,"Гатчина, проезд Энергетиков, 15","Авиационная ул, напротив дома 7, остановка",Прямой,15:30:00,15:30:00,10.0,5491.8
401,1,БТК (ш. Революции),г.Всеволожск ул. Ленинградская д.14/1,"ш. Революции, д.52",Прямой,15:20:00,15:30:00,50.0,4000.0
402,1,БТК (пос. Романовка),г.Всеволожск ул. Ленинградская д.14/1,"пос. Романовка, 1а",Прямой,15:30:00,15:40:00,50.0,2725.0
403,1,БТК (пос. Романовка),г.Всеволожск ул. Ленинградская д.14/1,"пос. Романовка, 1а",Прямой,15:50:00,16:00:00,50.0,2725.0
404,1,БТК (ш. Революции),г.Всеволожск ул. Ленинградская д.14/1,"ш. Революции, д.52",Прямой,15:50:00,16:00:00,50.0,4000.0
405,64,ООО ЧОО РН БЕЗОПАСНОСТЬ (Волхонское),"Колпино, Финляндская ул., 17к3","Волхонское ш., 108с4 - Колпино, Финляндская ул., 17к3",Прямой,15:30:00,16:00:00,2.0,
406,64,ООО ЧОО РН БЕЗОПАСНОСТЬ (Колпино),"Колпино, Финляндская ул., 17к3","Колпинское ш., 135к2с1",Прямой,15:30:00,16:00:00,1.0,
407,38,ПАО «Россети Ленэнерго»,"Белоостров, Новое ш., 53А",Ст.м. Черная речка,Прямой,15:50:00,16:00:00,18.0,6000.0
408,45,Сбербанк,"ул.Львовская, 27",Ст.м. Пл.Ленина,Прямой,15:50:00,16:00:00,40.0,2450.0
409,8,ПИТ-ПРОДУКТ (ст.м. Московская),"ул. Понссе, 3",Ст.м. Московская,Прямой,15:55:00,16:05:00,50.0,3300.0
410,19,OZON ЛЦ Волхонское (шаттл ЖК Солнечный город),"Волхонское шоссе, 108","Проспект Ветеранов, 168",1/2 круга,15:55:00,16:05:00,19.0,2250.0
411,19,OZON ЛЦ Волхонское (шаттл ст.м. Ветеранов),"Волхонское шоссе, 108",Ст.м. Проспект Ветеранов,1/2 круга,15:55:00,16:05:00,19.0,2250.0
412,1,БТК (пос. Романовка),г.Всеволожск ул. Ленинградская д.14/1,"пос. Романовка, 1а",Прямой,16:00:00,16:10:00,50.0,2725.0
413,16,"Санаторий ""Белые ночи""","38-й км Приморского шоссе, 2","ст. м. ""Черная речка"" (напротив Ушаковского путепровода)",Прямой,16:00:00,16:10:00,19.0,7000.0
414,49,ФГУП ФЭО,"Колпино, полигон Красный Бор","Колпино, ж/д станция",Прямой,16:00:00,16:10:00,19.0,4486.3
415,36,OZON КГТ Волхонское (Ст.м. Ветеранов),"Волхонское шоссе, 108с5","бульвар Новаторов, 83А",Прямой,16:00:00,16:10:00,5.0,4500.0
416,62,Касимово (школа),"д.Касимово, Новая ул., 12",Ст.м. Озерки,Прямой,16:05:00,16:15:00,19.0,3000.0
417,10,OZON Бугры (ст.м. Девяткино),"Бугры, Шоссейная ул., 50к1",Ст.м. Девяткино,Прямой,16:05:00,16:15:00,19.0,4500.0
418,19,OZON ЛЦ Волхонское (шаттл ЖК Солнечный город),"Волхонское шоссе, 108","Проспект Ветеранов, 168",1/2 круга,16:05:00,16:15:00,55.0,4500.0
419,19,OZON ЛЦ Волхонское (шаттл ст.м. Ветеранов),"Волхонское шоссе, 108",Ст.м. Проспект Ветеранов,1/2 круга,16:05:00,16:15:00,19.0,4500.0
420,19,OZON ЛЦ Волхонское (шаттл ст.м. Ветеранов),"Волхонское шоссе, 108",Ст.м. Проспект Ветеранов,1/2 круга,16:05:00,16:15:00,55.0,4500.0
421,1,БТК (пос. Романовка),г.Всеволожск ул. Ленинградская д.14/1,"пос. Романовка, 1а",Прямой,16:20:00,16:30:00,50.0,2725.0
422,1,БТК (ш. Революции),г.Всеволожск ул. Ленинградская д.14/1,"ш. Революции, д.52",Прямой,16:20:00,16:30:00,50.0,4000.0
423,1,БТК (пос. Романовка),г.Всеволожск ул. Ленинградская д.14/1,"пос. Романовка, 1а",Прямой,16:30:00,16:40:00,50.0,2725.0
424,33,Фокус,"П. Федоровское, ул.Почтовая д16",Ст.м.Купчино,Прямой,16:40:00,16:40:00,20.0,5500.0
425,52,КЛЕВЕР,"Таллинское ш., д. 206",Ст.м. Проспект Ветеранов,Прямой,16:35:00,16:45:00,19.0,3524.59
426,9,OZON Ветеранов,Ст.м. Ветеранов,"Московское ш., 145с10",Прямой,16:35:00,16:45:00,19.0,3500.0
427,37,Один,"Волхонское ш., 4к8 стр. 2",Дачный 19к1,Прямой,16:50:00,16:50:00,20.0,3840.16
428,15,Ай Би Фэсилити (В.О.),"В.О., бульв. Головнина, д. 11 (по ЗСД) - 2 мирика",ул. Наличная 40к1(карман),Прямой,16:50:00,17:00:00,30.0,7516.39
429,1,БТК (ОП Порошкино),"Трасса Юкки - Кузьмолово, 7-й километр, 2",Ст.м. Парнас,Прямой,16:50:00,17:00:00,50.0,7000.0
430,1,БТК (пос. Романовка),г.Всеволожск ул. Ленинградская д.14/1,"пос. Романовка, 1а",Прямой,16:50:00,17:00:00,50.0,2725.0
431,1,БТК (ш. Революции),г.Всеволожск ул. Ленинградская д.14/1,"ш. Революции, д.52",Прямой,16:50:00,17:00:00,50.0,4000.0
432,63,ЛСС,Аэродром Левашово,Ст.м. Озерки,Прямой,16:50:00,17:00:00,9.0,5000.0
433,60,МГ,"Волхонское ш., 4 - Волхонское ш., 6",Дачный 19к1,Прямой,17:00:00,17:00:00,20.0,3000.0
434,60,МГ,"Волхонское ш., 6",Дачный 19к1,Прямой,17:00:00,17:00:00,20.0,3688.524590163935
435,38,ПАО «Россети Ленэнерго»,"Белоостров, Новое ш., 53А",Ст.м. Черная речка,Прямой,16:50:00,17:00:00,18.0,6000.0
436,45,Сбербанк,"ул.Львовская, 27",Ст.м. Пл.Ленина,Прямой,16:50:00,17:00:00,40.0,2450.0
437,29,СМУ-2,"пр. Энтузиастов, 44","пр. Стачек, 67к7",Прямой,16:50:00,17:00:00,15.0,5000.0
438,29,СМУ-2 (Парнас),"Парнас, 3-й Верхний переулок, 11","пр. Стачек, 67к7",Прямой,16:50:00,17:00:00,6.0,5833.333333333334
439,76,Таможня,"Петербургское ш., 62к4 (ПБС)","Московский пр., 193В",Прямой,17:00:00,17:00:00,20.0,3310.0
440,9,OZON Купчино,Ст.м. Купчино,"Московское ш., 145с10",Прямой,16:50:00,17:00:00,19.0,3500.0
441,67,VALTEC,"ул. Профессора Качалова, 11к3",Амбарная ул.,Прямой,16:50:00,17:00:00,20.0,3000.0
442,67,Valtec,"ул. Профессора Качалова, 11к3",Амбарная ул.,Прямой,16:50:00,17:00:00,35.0,4500.0
443,1,БТК ОП Порошкино (ст.м. Девяткино),"Всеволожский район, трасса Юкки - Кузьмолово, 7-й километр, 19",Ст.м. Девяткино,Прямой,16:55:00,17:05:00,19.0,5000.0
444,1,БТК ОП Порошкино (ст.м. Парнас),"Всеволожский район, трасса Юкки - Кузьмолово, 7-й километр, 19",Ст.м. Парнас,Прямой,16:55:00,17:05:00,19.0,4500.0
445,8,ПИТ-ПРОДУКТ (ст.м. Московская),"ул. Понссе, 3",Ст.м. Московская,Прямой,16:55:00,17:05:00,50.0,3300.0
446,66,АО ЮЗ ТЭЦ,"ул. Доблести, 1",Ст.м. Ленинский пр.,Прямой,17:00:00,17:10:00,30.0,
447,42,"Аюна (Комендантский, 65)","Шафировский пр., 17П","Комендантский проспект, 65",Прямой,17:00:00,17:10:00,35.0,8000.0
448,42,Аюна (ст.м. Проспект Просвещения),"Шафировский пр., 17П",Просвещения 31,Прямой,17:00:00,17:10:00,19.0,4508.2
449,26,Оглаенд Систем,"Горское ш., 169","Коломяжский пр., 24",Прямой,17:00:00,17:10:00,25.0,4700.0
450,40,Петрович (ст.м.Гражданский проспект),"ЦО (6-й Верхний переулок, 12В)",Ст.м.Гражданский пр.,Прямой,17:10:00,17:10:00,20.0,1800.0
451,40,Петрович (ст.м.Парнас),"ЦО (6-й Верхний переулок, 12В)",Ст.м. Парнас,Прямой,17:10:00,17:10:00,50.0,2000.0
452,27,Равиолло,"Петергофское ш., 73к2",Ст.м. Ленинский пр.,Прямой,16:55:00,17:10:00,20.0,3325.0
453,27,Равиолло,"Петергофское ш., 73к2",Ст.м. Проспект Ветеранов,Прямой,16:55:00,17:10:00,20.0,2850.0
454,49,ФГУП ФЭО,"Колпино, полигон Красный Бор","Колпино, ж/д станция",Прямой,17:00:00,17:10:00,19.0,4486.3
455,50,ХАБ  (ст.м. Ветеранов),"Волхонское шоссе, 11, лит. Б",Ст.м. Проспект Ветеранов,Прямой,17:00:00,17:10:00,19.0,3500.0
456,36,OZON КГТ Волхонское (Ст.м. Ветеранов),"Волхонское шоссе, 108с5","бульвар Новаторов, 83А",Прямой,17:00:00,17:10:00,5.0,4500.0
457,62,Касимово (школа),"д.Касимово, Новая ул., 12",Ст.м. Озерки,Прямой,17:05:00,17:15:00,19.0,3000.0
458,3,ЛеманаПро (ст.м. Купчино),"Московское ш., 177А",Ст.м. Купчино,Прямой,17:05:00,17:15:00,20.0,3400.0
459,3,ЛеманаПро (ст.м. Купчино),"Московское ш., 177А",Ст.м. Купчино,Прямой,17:00:00,17:15:00,20.0,3400.0
460,45,Сбербанк,"ул.Львовская, 27",Ст.м. Пл.Ленина,Прямой,17:05:00,17:15:00,40.0,2450.0
461,10,OZON Бугры (ст.м. Девяткино),"Бугры, Шоссейная ул., 50к1",Ст.м. Девяткино,Прямой,17:05:00,17:15:00,19.0,4500.0
462,9,OZON Шушары,"Московское ш., 145с10",Ст.м. Шушары,Прямой,17:00:00,17:15:00,20.0,3000.0
463,43,ЛСР,"Муринская дорога, 10",Ст.м. Гражданский проспект,Прямой,17:10:00,17:20:00,55.0,5250.0
464,41,Респект,"6-й Предпортовый пр-д, 14к13",Ст.м. Московская,Прямой,17:10:00,17:20:00,19.0,3523.81
465,41,Респект,"6-й Предпортовый пр-д, 14к13",Ст.м. Московская,Прямой,17:10:00,17:20:00,19.0,4000.0
466,34,Сатурн (Ст.м. Гражданский Проспект),"Индустриальный, 71",Ст.м. Гражданский Проспект,Прямой,17:20:00,17:20:00,30.0,
467,34,Сатурн (Ст.м. Ладожская),"Индустриальный, 71",Ст.м. Ладожская,Прямой,17:20:00,17:20:00,20.0,
468,62,Касимово (школа),"д.Касимово, Новая ул., 12",Ст.м. Озерки,Прямой,17:15:00,17:25:00,19.0,3000.0
469,16,"Санаторий ""Белые ночи""","38-й км Приморского шоссе, 2","пос. Первомайское,ул. Советская 4 (маг. Пятерочка"")",Прямой,17:15:00,17:25:00,19.0,7000.0
470,7,Коломенское - Хлебный дом (Смоленская),"Пушкин, Тиньков переулок, 7Д","Смоленская улица, 18А",Прямой,17:20:00,17:30:00,19.0,4500.0
471,7,Муринская - Коломенское,"Тиньков переулок, 7Д","Ул. Ольги Форш, 10",Прямой,17:20:00,17:30:00,19.0,8000.0
472,7,Муринская - Хлебный дом - Коломенское,"Тиньков переулок, 7Д","Ул. Ольги Форш, 10",1/2 круга,17:20:00,17:30:00,19.0,6600.0
473,74,НПО Промет,"Московское ш., 139",Ст.м.Купчино,Прямой,17:30:00,17:30:00,20.0,4016.39
474,30,Теплореконструкция,"Кронштадт, Петровская улица, 2А",Ст.м. Черная Речка,Прямой,17:20:00,17:30:00,35.0,10000.0
475,59,ТИС,"Новоселье, ул. Петропавловская дом 13",Ст.м. Проспект Ветеранов,Прямой,17:15:00,17:30:00,20.0,4508.2
476,47,"ТИС, ""Сестрорецкий курорт""","Сестрорецк, ул. Максима Горького, 2",Ст.м.Черная Речка,Прямой,17:20:00,17:30:00,19.0,4000.0
477,48,"ТИС, ""Сестрорецкий курорт""","Сестрорецк, ул. Максима Горького, 2",Ст.м.Черная Речка,Прямой,17:20:00,17:30:00,19.0,4000.0
478,42,Аюна,"Шафировский пр., 17П","Комендантский проспект, 65",Прямой,17:30:00,17:40:00,19.0,4000.0
479,42,Аюна,"Шафировский пр., 17П","Комендантский проспект, 65",Прямой,17:30:00,17:40:00,35.0,7000.0
480,65,Текманн,"ул. 3-я Конная Лахта, 38",Ст.м. Черная речка,Прямой,17:30:00,17:40:00,18.0,4016.39
481,67,Valtec,"ул. Профессора Качалова, 11к3",Амбарная ул.,Прямой,17:30:00,17:40:00,35.0,4500.0
482,71,АПГ,"Гатчина, Индустриальная, 16Б","Авиационная ул, напротив дома 7, остановка",Прямой,18:00:00,18:00:00,10.0,2916.666666666667
483,71,АПГ,"Гатчина, проезд Энергетиков, 15","Авиационная ул, напротив дома 7, остановка",Прямой,18:00:00,18:00:00,10.0,5491.8
484,55,Би Си Си,"АК ""Левашово""",Ст.м. Проспект Просвещения,Прямой,17:50:00,18:00:00,19.0,4000.0
485,62,Касимово (школа),"д.Касимово, Новая ул., 12",Ст.м. Озерки,Прямой,17:50:00,18:00:00,19.0,3000.0
486,57,ООО АБ Инжиниринг,"АК ""Левашово""",Ст.м. Проспект Просвещения,Прямой,17:50:00,18:00:00,19.0,4000.0
487,28,Резерв (Бронка),"пр. Александровской Фермы, 29Б","Ломоносов, ж/д-ст. Бронка",1/2 круга,17:50:00,18:00:00,19.0,3541.67
488,29,СМУ-2,"пр. Энтузиастов, 44","пр. Стачек, 67к7",Прямой,17:50:00,18:00:00,15.0,5000.0
489,76,Таможня,"Петербургское ш., 62к4 (ПБС)","Московский пр., 193В",Прямой,18:00:00,18:00:00,20.0,3310.0
490,68,OZON Понссе,"Понссе, 20",Дачный 19к1,Прямой,17:50:00,18:00:00,8.0,1000.0
491,69,OZON Понссе (ст.м. Ветеранов),"Понссе, 20",Дачный 19к1,Прямой,17:50:00,18:00:00,8.0,1500.0
492,66,АО ЮЗ ТЭЦ,"ул. Доблести, 1",Ст.м. Ленинский пр.,Прямой,18:00:00,18:10:00,30.0,
493,51,БИЗНЕС BOX,"Лахтинский пр., 85к1",Ст.м. Беговая,Прямой,18:00:00,18:10:00,20.0,1600.0
494,84,Био Витрум,"Промзона Горелово, 3-я улица, 1",Ст.м. Проспект Ветеранов,Прямой,18:00:00,18:10:00,20.0,3500.0
495,5,Коломенский,"ул. Салова, 29","Пушкин, Тиньков переулок, 7Д",1/2 круга,18:00:00,18:10:00,15.0,3000.0
496,40,Петрович (ст.м.Гражданский проспект),"ЦО (6-й Верхний переулок, 12В)",Ст.м.Гражданский пр.,Прямой,18:10:00,18:10:00,50.0,2000.0
497,32,Формация (Ст.м. Беговая),"Горское шоссе, д. 169",Ст.м. Беговая (через ЗСД),Прямой,18:00:00,18:10:00,40.0,3000.0
498,45,Сбербанк,"ул.Львовская, 27",Ст.м. Пл.Ленина,Прямой,18:05:00,18:15:00,40.0,2450.0
499,32,Формация (Ст.м. Беговая),"Горское шоссе, д. 169",Ст.м. Беговая (через ЗСД),Прямой,18:05:00,18:15:00,40.0,
500,32,Формация (Ст.м. Проспект Просвещения),"Горское шоссе, д. 169",Ст.м. Проспект Просвещения,Прямой,18:05:00,18:15:00,40.0,
501,5,Коломенский (ЖК Солнечный город),"Пр. Ветеранов, 214","Пушкин, Тиньков переулок, 7Д",1/2 круга,18:10:00,18:20:00,15.0,3500.0
502,3,ЛеманаПро (Гатчина),"Гатчина, улица Чехова, 14Ас3","Московское ш., 177А",1/2 круга,18:10:00,18:20:00,20.0,3350.0
503,34,Сатурн (Ст.м. Гражданский Проспект),"Индустриальный, 71",Ст.м. Гражданский Проспект,Прямой,18:20:00,18:20:00,20.0,
504,34,Сатурн (Ст.м. Гражданский Проспект),"Индустриальный, 71",Ст.м. Гражданский Проспект,Прямой,18:20:00,18:20:00,30.0,
505,34,Сатурн (Ст.м. Ладожская),"Индустриальный, 71",Ст.м. Ладожская,Прямой,18:20:00,18:20:00,20.0,
506,50,ХАБ  (ст.м. Ветеранов),"Волхонское шоссе, 11, лит. Б",Ст.м. Проспект Ветеранов,Прямой,18:15:00,18:25:00,19.0,3500.0
507,15,Ай Би Фэсилити (В.О.),"В.О., бульв. Головнина, д. 11 (по ЗСД)",ул. Наличная 40к1(карман),Прямой,18:15:00,18:30:00,30.0,7083.333333333333
508,61,АртСтройДок,Кронштадт ул. Макаровская 2Л,Ст.м. Беговая,Прямой,18:20:00,18:30:00,19.0,7000.0
509,51,БИЗНЕС BOX,"Лахтинский пр., 85к1",Ст.м. Беговая,Прямой,18:20:00,18:30:00,20.0,1600.0
510,5,Коломенский (Ст.м. Московская),"Ст.м. Московская, Демонстрационный проезд","Пушкин, Тиньков переулок, 7Д",1/2 круга,18:20:00,18:30:00,50.0,4000.0
511,9,OZON Большевиков,"Большевиков, д.1","Ст.м.Дыбенко - Московское ш., 145с10",1/2 круга,18:20:00,18:30:00,19.0,3000.0
512,9,OZON Большевиков,"Большевиков, д.1","Ст.м.Дыбенко - Московское ш., 145с10",1/2 круга,18:20:00,18:30:00,50.0,3900.0
513,10,OZON Бугры (ст.м. Беговая),Ст.м. Беговая,"Бугры, Шоссейная ул., 50к1",1/2 круга,18:20:00,18:30:00,19.0,2500.0
514,10,OZON Бугры (ст.м. Беговая),Ст.м. Беговая,"Бугры, Шоссейная ул., 50к1",1/2 круга,18:20:00,18:30:00,35.0,3500.0
515,11,"OZON Гатчина (Штат Софийская, 118)","Гатчина, Варшавский вокзал","Софийская, 118 к.4 стр.1",1/2 круга,18:20:00,18:30:00,20.0,3100.0
516,11,"OZON Гатчина (Штат Софийская, 118)","Гатчина, Варшавский вокзал","Софийская, 118 к.4 стр.1",1/2 круга,18:20:00,18:30:00,35.0,5250.0
517,10,OZON Комендантский,Ст.м. Комендантский пр.,"Бугры, Шоссейная ул., 50к1",1/2 круга,18:20:00,18:30:00,19.0,
518,10,OZON Комендантский,Ст.м. Комендантский пр.,"Бугры, Шоссейная ул., 50к1",1/2 круга,18:20:00,18:30:00,50.0,3500.0
519,14,OZON Комьюнити Заневский,"Заневский пр., 32к2","Софийская, 118 к4 стр.1",1/2 круга,18:20:00,18:30:00,50.0,4000.0
520,14,OZON Комьюнити Минеральная,"ул. Минеральная, 29","Софийская, 118 к4 стр.1",1/2 круга,18:20:00,18:30:00,50.0,7500.0
521,11,"OZON Красноармейская (Штат Софийская, 118)","2-я Красноармейская ул., 1","Софийская, 118 к.4 стр.1",1/2 круга,18:20:00,18:30:00,20.0,3000.0
522,12,OZON ПСЦ Колпино (Кировск),"г. Кировск, Театральная площадь","Колпинское ш., 135с2",1/2 круга,18:20:00,18:30:00,20.0,5000.0
523,12,OZON ПСЦ Колпино (м. Большевиков),"улица Коллонтай, 21к1","Колпинское ш., 135с2",1/2 круга,18:20:00,18:30:00,55.0,3995.0
524,11,"OZON Большевиков (Штат Софийская, 118)",Ст.м. Проспект Большевиков,"Софийская, 118 к.4 стр.1",1/2 круга,18:25:00,18:35:00,50.0,3750.0
525,5,Коломенский (Колпино),"Колпино, Привокзальная площадь","Пушкин, Тиньков переулок, 7Д",1/2 круга,18:30:00,18:40:00,15.0,2500.0
526,7,Хлебный дом (ст.м. Ладожская),"Заневский пр., 42 - Заневский пр., 32","Смоленская улица, 6 (остановка)",1/2 круга,18:35:00,18:40:00,15.0,2500.0
527,10,OZON Бугры (Заневский),"Заневский пр.,32к2","Бугры, Шоссейная ул., 50к1",1/2 круга,18:30:00,18:40:00,19.0,4000.0
528,9,OZON Гатчина,"Гатчина, Варшавский вокзал","Московское ш., 145с10",Прямой,18:25:00,18:40:00,20.0,4000.0
529,12,OZON ПСЦ Колпино (м. Ладожская),Ст.м. Ладожская,"Колпинское ш., 135с2",1/2 круга,18:30:00,18:40:00,20.0,3150.0
530,17,СК-Сервис,Ст.м.Ветеранов,"Петергофское ш., д. 71",1/2 круга,18:45:00,18:45:00,30.0,2200.82
531,7,"Хлебный дом (""Огни залива"")","Ленинский пр., 43","Смоленская улица, 6 (остановка)",1/2 круга,18:35:00,18:45:00,15.0,2500.0
532,7,"Хлебный дом (""Огни залива"")","Ленинский пр., 43","Смоленская улица, 6 (остановка)",1/2 круга,18:35:00,18:45:00,19.0,2500.0
533,7,"Хлебный дом (""Огни залива"")","Ленинский пр., 43","Смоленская улица, 18А",1/2 круга,18:35:00,18:45:00,30.0,4000.0
534,7,Хлебный дом (ст.м. Ладожская),"Заневский пр., 32","Смоленская улица, 6 (остановка)",1/2 круга,18:35:00,18:45:00,15.0,2500.0
535,18,OZON Большевиков (ФФ),"Большевиков, д.1","Ст.м.Дыбенко - Московское ш., 141/143",1/2 круга,18:35:00,18:45:00,55.0,3750.0
536,19,OZON ЛЦ Волхонское (Стрельна),"Стрельна, Фронтовая улица, 10Б","Волхонское шоссе, 108с2",1/2 круга,18:35:00,18:45:00,30.0,4500.0
537,19,OZON ЛЦ Волхонское (Стрельна),Ветеранов 183 ,"Волхонское шоссе, 108с2",1/2 круга,18:45:00,18:55:00,50.0,4500.0
538,12,OZON ПСЦ Колпино (Кудрово),"Кудрово, Пражская ул., 9","Колпинское ш., 135с2",1/2 круга,18:35:00,18:45:00,19.0,3200.0
539,20,Дикси-ЮГ (РЦ Шушары),"Колпино, ж/д вокзал","Московское ш., 70к4В",1/2 круга,18:40:00,18:50:00,47.0,3900.0
540,21,Кадры 24,Яковлевский переулок 2,"Купчино - Московский пр., 161к13",1/2 круга,18:40:00,18:50:00,19.0,2500.0
541,7,Хлебный дом (Маршала Тухачевского),"ул. Маршала Тухачевского, 24","Ул. Ольги Форш, 10",1/2 круга,18:40:00,18:50:00,19.0,2500.0
542,18,OZON Большевиков (ФФ),"Большевиков, д.1","Ст.м.Дыбенко - Московское ш., 141/143",1/2 круга,18:40:00,18:50:00,35.0,3750.0
543,10,OZON Бугры (Всеволожск),"Всеволожск, Колтушское шоссе, 39Б","Бугры, Шоссейная ул., 50к1",1/2 круга,18:40:00,18:50:00,30.0,4250.0
544,10,OZON Бугры (ст.м. Дыбенко),Ст.м. Дыбенко,"Бугры, Шоссейная ул., 50к1",1/2 круга,18:40:00,18:50:00,19.0,2650.0
545,10,OZON Бугры (ст.м. Дыбенко),Ст.м. Дыбенко,"Бугры, Шоссейная ул., 50к1",1/2 круга,18:40:00,18:50:00,19.0,4000.0
546,10,OZON Бугры (ст.м. Дыбенко),Ст.м. Дыбенко,"Бугры, Шоссейная ул., 50к1",1/2 круга,18:40:00,18:50:00,55.0,4000.0
547,18,OZON Дыбенко (ФФ),"ул. Дыбенко, 27к4","Московское ш., 141/143",1/2 круга,18:45:00,18:50:00,55.0,3750.0
548,9,OZON Купчино,Ст.м. Купчино,"Московское ш., 145с10",1/2 круга,18:40:00,18:50:00,50.0,3500.0
549,9,OZON Купчино,Ст.м. Купчино,"Московское ш., 145с10",1/2 круга,18:40:00,18:50:00,50.0,5000.0
550,22,OZON ЛЦ Горское (Кудрово),"Кудрово, Новая ул.","Парголово, Горское ш., 6с16",1/2 круга,18:40:00,18:50:00,19.0,2500.0
551,11,"OZON Рыбацкое (Штат Софийская, 118)","Ст.м. Рыбацкое, 3-й Рыбацкий проезд","Софийская, 118 к.4 стр.1",1/2 круга,18:45:00,18:55:00,20.0,1500.0
552,5,Коломенский (Гатчина),"Гатчина, Балтийский вокзал","Пушкин, Тиньков переулок, 7Д",1/2 круга,18:50:00,19:00:00,15.0,3500.0
553,5,Коломенский (Коммунар),"Коммунар, Ленинградское ш., 7А","Пушкин, Тиньков переулок, 7Д",1/2 круга,18:50:00,19:00:00,9.0,3500.0
554,3,ЛеманаПро (ст.м. Проспект Ветеранов),Ст.м. Проспект Ветеранов,"Московское ш., 177А",1/2 круга,18:50:00,19:00:00,40.0,3800.0
555,63,ЛСС,Аэродром Левашово,Ст.м. Озерки,Прямой,18:50:00,19:00:00,9.0,5000.0
556,4,Оптоган,"Таллинское ш., 206",Ст.м. Проспект Ветеранов,Прямой,19:00:00,19:00:00,20.0,3300.0
557,28,Резерв (Бронка),"Ломоносов, ж/д-ст. Бронка","пр. Александровской Фермы, 29Б",Прямой,18:50:00,19:00:00,19.0,5000.0
558,28,Резерв (Московский проспект),"Прогонная ул., 1","пр. Александровской Фермы, 29Б",Прямой,18:50:00,19:00:00,19.0,4000.0
559,29,СМУ-2,"пр. Энтузиастов, 44","пр. Стачек, 67к7",Прямой,18:50:00,19:00:00,15.0,5000.0
560,29,СМУ-2 (Парнас),"Парнас, 3-й Верхний переулок, 11","пр. Стачек, 67к7",Прямой,18:50:00,19:00:00,6.0,5833.333333333334
561,29,СМУ-2 (Репино),"п.Репино, Спасо-Преображенская улица, 36 А","пр. Стачек, 67к7",Прямой,18:50:00,19:00:00,6.0,8333.33333333333
562,58,Стоун Айленд,"Токсово, Зубровник (напротив)",Ст.м. Проспект Просвещения,Прямой,18:50:00,19:00:00,19.0,5491.8
563,31,Тим-Профи,"Московское ш., 115с4","Шушары, Школьная ул., 81",Прямой,18:50:00,19:00:00,19.0,2291.666666666667
564,31,Тим-Профи,"Московское ш., 115с4","Шушары, Новгородский проспект, 2к1",Прямой,18:50:00,19:00:00,50.0,3750.0
565,31,Тим-Профи,"Московское ш., 115с4","Шушары, Школьная ул., 81",Прямой,18:50:00,19:00:00,50.0,3750.0
566,31,Тим-Профи,"Тамбовская ул., 80",Витебский пр./ Шушарская дорога,Прямой,18:50:00,19:00:00,50.0,4500.0
567,32,Формация (Ст.м. Беговая),Ст.м. Беговая,"Горское шоссе, д. 169 (через ЗСД)",Прямой,18:50:00,19:00:00,40.0,
568,32,Формация (Ст.м. Беговая),Ст.м. Беговая,"Горское шоссе, д. 169 (через ЗСД)",1/2 круга,18:50:00,19:00:00,40.0,
569,72,Хонор,"Московское ш., 117с1","Софийская, 118 к.4 стр.3",Прямой,18:50:00,19:00:00,20.0,3333.33
570,10,OZON Бугры (ст.м. Девяткино),Ст.м. Девяткино,"Бугры, Шоссейная ул., 50к1",1/2 круга,18:50:00,19:00:00,55.0,3500.0
571,9,OZON Ветеранов,Ст.м. Проспект Ветеранов,"Московское ш., 145с10",1/2 круга,18:50:00,19:00:00,20.0,4200.0
572,9,OZON Ветеранов,Ст.м. Проспект Ветеранов,"Московское ш., 145с10",1/2 круга,18:50:00,19:00:00,50.0,3500.0
573,19,OZON ЛЦ Волхонское (Красное село),"Красное село, проспект Ленина, 108","Волхонское шоссе, 108",1/2 круга,18:50:00,19:00:00,50.0,4500.0
574,19,OZON ЛЦ Волхонское (ст.м. Ветеранов),"Бульвар Новаторов, 98В","Волхонское шоссе, 108",1/2 круга,18:50:00,19:00:00,19.0,2250.0
575,19,OZON ЛЦ Волхонское (ст.м. Ветеранов),"Бульвар Новаторов, 98В","Волхонское шоссе, 108",1/2 круга,18:50:00,19:00:00,30.0,4500.0
576,19,OZON ЛЦ Волхонское (ст.м. Купчино),"Витебский пр., 101к1 (Ст.м. Купчино)","Волхонское шоссе, 108",1/2 круга,18:50:00,19:00:00,30.0,3500.0
577,10,OZON Просвещения,Ст.м. Проспект Просвещения,"Бугры, Шоссейная ул., 50к1",1/2 круга,18:50:00,19:00:00,19.0,2500.0
578,10,OZON Просвещения,Ст.м. Проспект Просвещения,"Бугры, Шоссейная ул., 50к1",1/2 круга,18:50:00,19:00:00,30.0,3500.0
579,10,OZON Просвещения,Ст.м. Проспект Просвещения,"Бугры, Шоссейная ул., 50к1",1/2 круга,18:50:00,19:00:00,50.0,3500.0
580,10,OZON Просвещения,Ст.м. Проспект Просвещения,"Бугры, Шоссейная ул., 50к1",1/2 круга,18:50:00,19:00:00,55.0,3500.0
581,12,OZON ПСЦ Колпино (м. Ветеранов),"Дачный пр., 19к1","Колпинское ш., 135с2",1/2 круга,18:50:00,19:00:00,19.0,3000.0
582,12,OZON ПСЦ Колпино (м. Ветеранов),"Дачный пр., 19к1","Колпинское ш., 135с2",1/2 круга,18:50:00,19:00:00,20.0,3000.0
583,12,OZON ПСЦ Колпино (м. Ветеранов),"Дачный пр., 19к1","Колпинское ш., 135с2",1/2 круга,18:50:00,19:00:00,55.0,4500.0
584,10,OZON Бугры (Цветной город),"Васнецовский проспект, 28","Бугры, Шоссейная ул., 50к1",1/2 круга,18:55:00,19:05:00,30.0,3500.0
585,18,OZON Дыбенко (ФФ),Ст.м. Дыбенко,"Московское ш., 143",1/2 круга,19:00:00,19:05:00,55.0,3750.0
586,5,Коломенский (Красное Село),Автобусная станция Красное Село,"Пушкин, Тиньков переулок, 7Д",1/2 круга,19:00:00,19:10:00,19.0,3000.0
587,3,ЛеманаПро (Колпино),"Колпино, ул. Труда, 22/15","Московское ш., 177А",1/2 круга,19:00:00,19:10:00,20.0,2400.0
588,8,ПИТ-ПРОДУКТ (Красное Село),"Красное Село, Красногородская ул./ Гатчинское ш.","ул. Понссе, 3",1/2 круга,19:00:00,19:10:00,50.0,3000.0
589,8,ПИТ-ПРОДУКТ (ст.м. Московская),Ст.м. Московская (Демонстрационный пр-д),"ул. Понссе, 3",1/2 круга,19:00:00,19:10:00,50.0,3300.0
590,35,Северные сети,"Новогорелово, улица 9","Ветеранов 122 ""Хостел Лига""",Прямой,18:55:00,19:10:00,19.0,3500.0
591,46,СИП,Ленинский пр.100,Корабельная  6,Прямой,19:00:00,19:10:00,19.0,3000.0
592,32,Формация (Ст.м. Девяткино),Ст.м. Девяткино,"Горское шоссе, д. 169",1/2 круга,19:00:00,19:10:00,19.0,2750.0
593,32,Формация (Ст.м. Девяткино),Ст.м. Девяткино,"Горское шоссе, д. 169",1/2 круга,19:00:00,19:10:00,50.0,
594,32,Формация (Ст.м. Проспект Просвещения),Ст.м. Проспект Просвещения,"Горское шоссе, д. 169",Прямой,19:00:00,19:10:00,40.0,
595,32,Формация (Ст.м. Проспект Просвещения),Ст.м. Проспект Просвещения,"Горское шоссе, д. 169",1/2 круга,19:00:00,19:10:00,40.0,
596,10,OZON Бугры (ст.м. Девяткино),Ст.м. Девяткино,"Бугры, Шоссейная ул., 50к1",1/2 круга,19:00:00,19:10:00,55.0,3500.0
597,36,OZON КГТ Волхонское (Ст.м. Ветеранов),"Пр. Ветеранов, 21","Волхонское шоссе, 108с5",1/2 круга,19:00:00,19:10:00,19.0,2500.0
598,36,OZON КГТ Волхонское (Ст.м. Ветеранов),"Пр. Ветеранов, 21","Волхонское шоссе, 108с5",1/2 круга,19:00:00,19:10:00,55.0,4000.0
599,10,OZON Парнас,Ст.м. Парнас,"Бугры, Шоссейная ул., 50к1",1/2 круга,19:00:00,19:10:00,19.0,1900.0
600,10,OZON Парнас,Ст.м. Парнас,"Бугры, Шоссейная ул., 50к1",1/2 круга,19:00:00,19:10:00,19.0,
601,10,OZON Парнас,Ст.м. Парнас,"Бугры, Шоссейная ул., 50к1",1/2 круга,19:00:00,19:10:00,30.0,3000.0
602,10,OZON Парнас,Ст.м. Парнас,"Бугры, Шоссейная ул., 50к1",1/2 круга,19:00:00,19:10:00,50.0,3500.0
603,10,OZON Бугры (ст.м. Девяткино),Ст.м. Девяткино,"Бугры, Шоссейная ул., 50к1",1/2 круга,19:05:00,19:15:00,55.0,3500.0
604,10,OZON Бугры (ст.м. Девяткино),Ст.м. Девяткино,"Бугры, Шоссейная ул., 50к1",1/2 круга,19:10:00,19:20:00,19.0,2250.0
605,10,OZON Бугры (ст.м. Девяткино),Ст.м. Девяткино,"Бугры, Шоссейная ул., 50к1",1/2 круга,19:10:00,19:20:00,55.0,3500.0
606,27,Равиолло,Ст.м. Ленинский пр.,"Петергофское ш., 73к2",1/2 круга,19:20:00,19:30:00,28.0,3990.0
607,39,Тим - Профи,"Участок в Кудрово напротив Мурманское ш., 1","Хостел ""Мэрибель"", Октябрьская наб., 50",Прямой,19:15:00,19:30:00,19.0,3500.0
608,39,Тим - Профи,"Шушары, Школьная ул., 81","Корабельная ул., 6к1",Прямой,19:15:00,19:30:00,19.0,3500.0
609,31,Тим-Профи,"Шушары, Новгородский проспект, 2к1"," Стачек, 18, корп. 2Б",Прямой,19:20:00,19:30:00,19.0,8333.33333333333
610,31,Тим-Профи,"Шушары, Новгородский проспект, 2к1","Корабельная ул., 6к1",Прямой,19:20:00,19:30:00,35.0,8333.33333333333
611,31,Тим-Профи,"Шушары, Новгородский проспект, 2к1","Московское ш., 115с4",Прямой,19:20:00,19:30:00,50.0,3750.0
612,6,ТМГ,"Промышленный район, Центральное отделение, 63","ул., Тельмана 8",Прямой,19:20:00,19:30:00,50.0,5000.0
613,49,ФГУП ФЭО,"Колпино, ж/д станция","Колпино, полигон Красный Бор",1/2 круга,19:20:00,19:30:00,19.0,2520.0
614,50,ХАБ  (ст.м. Московская),Ст.м. Московская,"Волхонское шоссе, 11, лит. Б",1/2 круга,19:20:00,19:30:00,35.0,3750.0
615,31,Тим-Профи,"Шушары, Новгородский проспект, 2к1","Московское ш., 115с4",Прямой,19:30:00,19:40:00,19.0,3750.0
616,50,ХАБ  (ст.м. Московская),Ст.м. Московская,"Волхонское шоссе, 11, лит. Б",1/2 круга,19:30:00,19:40:00,35.0,3750.0
617,17,СК-Сервис,"Петергофское ш., д. 71",Ст.м.Ветеранов,1/2 круга,19:30:00,19:45:00,30.0,2200.82
618,31,Тим-Профи,"Шушары, Школьная ул., 81","Московское ш., 115с4",Прямой,19:40:00,19:50:00,19.0,2291.666666666667
619,31,Тим-Профи,"Шушары, Школьная ул., 81","Московское ш., 115с4",Прямой,19:40:00,19:50:00,50.0,3750.0
620,25,НТК,"Федоровское, 1-й Восточный пр., 9",Ст.м. Купчино,Прямой,19:50:00,20:00:00,19.0,5500.0
621,13,Бристоль (Красное Село),"Волхонское ш., 3к2","Красное Село, ул. Первого мая",Прямой,20:00:00,20:05:00,19.0,4400.0
622,13,Бристоль (пос. Сельцо),"Волхонское ш., 3к2",Пос. Сельцо (Волосовский район),Прямой,20:00:00,20:05:00,19.0,6000.0
623,13,Бристоль (Ст.м. Московская),"Волхонское ш., 3к2","Ст.м. Московская Демонстрационный пр-д, остановка",Прямой,20:00:00,20:05:00,19.0,3300.0
624,82,АНО ДПО «РАТМЕД»,"территория ССК Русское Оружие, Виллозское городское поселение",Ст.м. Ветеранов,Прямой,20:00:00,20:10:00,18.0,5714.29
625,23,Велта,"Колпинское шоссе, 135к2с1",Ст.м. Купчино,Прямой,20:00:00,20:10:00,20.0,3750.0
626,24,Велта,"Колпинское шоссе, 135к2с1",Ст.м. Купчино,1/2 круга,20:00:00,20:10:00,20.0,4083.3333333333335
627,26,Оглаенд Систем,"Горское ш., 169","Коломяжский пр., 24",Прямой,20:00:00,20:10:00,20.0,4700.0
628,26,Оглаенд Систем (Бугры),"Горское ш., 169","Бугры, Южная ул., 5 (Лента, парковка)",Прямой,20:00:00,20:10:00,8.0,6000.0
629,54,"Ресторан ""В чаще"" (Парнас)","Мистолово, Фабрика-кухня",Ст.м. Парнас (через Бугры),Прямой,20:00:00,20:10:00,20.0,3300.0
630,49,ФГУП ФЭО,"Колпино, полигон Красный Бор","Колпино, ж/д станция",Прямой,20:00:00,20:10:00,19.0,4486.3
631,21,Кадры 24,"Московский пр., 161к13",Купчино - Яковлевский переулок 2,1/2 круга,20:05:00,20:15:00,19.0,2500.0
632,52,КЛЕВЕР,"Таллинское ш., д. 206",Ст.м. Проспект Ветеранов,Прямой,20:05:00,20:15:00,19.0,3524.59
633,3,ЛеманаПро (Гатчина),"Московское ш., 177А","Гатчина, улица Чехова, 14Ас3",1/2 круга,20:05:00,20:15:00,20.0,3350.0
634,3,ЛеманаПро (Колпино),"Московское ш., 177А","Колпино, ул. Труда, 22/15",1/2 круга,20:05:00,20:15:00,20.0,2400.0
635,3,ЛеманаПро (ст.м. Проспект Ветеранов),"Московское ш., 177А",Ст.м. Проспект Ветеранов,1/2 круга,20:05:00,20:15:00,40.0,3800.0
636,54,"Ресторан ""В чаще""","Людмилы Кедриной, 23 (Охта парк, через Бугры)",Ст.м.Девяткино,Прямой,20:00:00,20:15:00,20.0,3250.0
637,54,"Ресторан ""В чаще"" (Парнас)","Людмилы Кедриной, 23 (Охта парк)",Ст.м. Парнас (через Бугры),Прямой,20:00:00,20:15:00,20.0,3300.0
638,32,Формация (Ст.м. Беговая),"Горское шоссе, д. 169",Ст.м. Беговая (через ЗСД),Прямой,20:05:00,20:15:00,40.0,
639,32,Формация (Ст.м. Беговая),"Горское шоссе, д. 169",Ст.м. Беговая (через ЗСД),1/2 круга,20:05:00,20:15:00,40.0,
640,32,Формация (Ст.м. Девяткино),"Горское шоссе, д. 169",Ст.м. Девяткино,1/2 круга,20:05:00,20:15:00,19.0,2750.0
641,32,Формация (Ст.м. Девяткино),"Горское шоссе, д. 169",Ст.м. Девяткино,1/2 круга,20:05:00,20:15:00,50.0,
642,32,Формация (Ст.м. Проспект Просвещения),"Горское шоссе, д. 169",Ст.м. Проспект Просвещения,Прямой,20:05:00,20:15:00,40.0,
643,32,Формация (Ст.м. Проспект Просвещения),"Горское шоссе, д. 169",Ст.м. Проспект Просвещения,1/2 круга,20:05:00,20:15:00,40.0,
644,68,OZON Понссе,Дачный 19к1,"Понссе, 20",1/2 круга,20:10:00,20:15:00,30.0,3000.0
645,68,OZON Понссе,Дачный 19к1,"Понссе, 20",1/2 круга,20:05:00,20:15:00,30.0,3000.0
646,69,OZON Понссе (ст.м. Ветеранов),Дачный 19к1,"Понссе, 20",1/2 круга,20:05:00,20:15:00,19.0,2500.0
647,70,OZON Раум Бугры (Ст.м. Девяткино),Ст.м. Девяткино,"КАД, 23-й километр, внутреннее кольцо, 2",1/2 круга,20:05:00,20:15:00,19.0,2950.0
648,20,Дикси-ЮГ (РЦ Шушары),"Московское ш., 70к4В","Колпино, ж/д вокзал",1/2 круга,20:10:00,20:20:00,47.0,3900.0
649,5,Коломенский,"Пушкин, Тиньков переулок, 7Д","ул. Салова, 29",1/2 круга,20:10:00,20:20:00,15.0,3000.0
650,41,Респект,"6-й Предпортовый пр-д, 14к13",Ст.м. Московская,Прямой,20:10:00,20:20:00,19.0,3523.81
651,34,Сатурн (Ст.м. Гражданский Проспект),"Индустриальный, 71",Ст.м. Гражданский Проспект,Прямой,20:20:00,20:20:00,30.0,
652,34,Сатурн (Ст.м. Ладожская),"Индустриальный, 71",Ст.м. Ладожская,Прямой,20:20:00,20:20:00,20.0,
653,24,Сберлогистика,"Витебский пр., 99 (ст.м. Купчино)","Московское ш., 26 и через откатные ворота к Москоскому ш.52",1/2 круга,20:10:00,20:20:00,19.0,1416.6666666666667
654,24,Сервис Плюс,"Витебский пр., 99 (ст.м. Купчино)","Московское ш., 26 и через откатные ворота к Москоскому ш.52",1/2 круга,20:10:00,20:20:00,19.0,1416.6666666666667
655,7,Хлебный дом (Маршала Тухачевского),"Ул. Ольги Форш, 10","ул. Маршала Тухачевского, 24",Прямой,20:10:00,20:20:00,19.0,4000.0
656,22,OZON ЛЦ Горское (Кудрово),"Парголово, Горское ш., 6с16","Кудрово, Новая ул.",1/2 круга,20:10:00,20:20:00,19.0,2500.0
657,9,OZON Тосно (ФФ),"Московское ш., 143",г. Тосно (вокзал),Прямой,20:00:00,20:20:00,19.0,6000.0
658,5,Коломенский (Гатчина),"Пушкин, Тиньков переулок, 7Д","Гатчина, Красноармейский пр., 50",1/2 круга,20:15:00,20:25:00,15.0,3500.0
659,5,Коломенский (ЖК Солнечный город),"Пушкин, Тиньков переулок, 7Д","Пр. Ветеранов, 183",1/2 круга,20:15:00,20:25:00,15.0,3500.0
660,5,Коломенский (Колпино),"Пушкин, Тиньков переулок, 7Д","Колпино, Привокзальная площадь",1/2 круга,20:15:00,20:25:00,15.0,2500.0
661,5,Коломенский (Коммунар),"Пушкин, Тиньков переулок, 7Д","Коммунар, Ленинградское ш., 7А",1/2 круга,20:15:00,20:25:00,9.0,3500.0
662,5,Коломенский (Красное Село),"Пушкин, Тиньков переулок, 7Д",Автобусная станция Красное Село,1/2 круга,20:15:00,20:25:00,19.0,3000.0
663,5,Коломенский (Ст.м. Московская),"Пушкин, Тиньков переулок, 7Д","Ст.м. Московская, Демонстрационный проезд",1/2 круга,20:15:00,20:25:00,50.0,4000.0
664,8,ПИТ-ПРОДУКТ (Красное Село),"ул. Понссе, 3","Красное Село, Красногородская ул./ Гатчинское ш.",1/2 круга,20:20:00,20:30:00,50.0,3000.0
665,8,ПИТ-ПРОДУКТ (ст.м. Московская),"ул. Понссе, 3",Ст.м. Московская,1/2 круга,20:20:00,20:30:00,50.0,3300.0
666,7,"Хлебный дом (""Огни залива"")","Смоленская улица, 18А","Ленинский пр., 43",1/2 круга,20:25:00,20:30:00,30.0,4000.0
667,7,"Хлебный дом (""Огни залива"")","Смоленская улица, 6 (остановка)","Ленинский пр., 43",1/2 круга,20:25:00,20:30:00,15.0,2500.0
668,7,"Хлебный дом (""Огни залива"")","Смоленская улица, 6 (остановка)","Ленинский пр., 43",1/2 круга,20:25:00,20:30:00,19.0,2500.0
669,7,Хлебный дом (ст.м. Ладожская),"Смоленская улица, 6 (остановка)","Заневский пр., 59 - Заневский пр., 42",1/2 круга,20:25:00,20:30:00,15.0,2500.0
670,7,Хлебный дом (ст.м. Ладожская),"Смоленская улица, 6 (остановка)","Заневский пр., 32",1/2 круга,20:25:00,20:30:00,15.0,2500.0
671,9,OZON Большевиков,"Большевиков, д.1","Ст.м.Дыбенко - Московское ш., 145с10",1/2 круга,20:20:00,20:30:00,50.0,3900.0
672,9,OZON Большевиков,"Московское ш., 145с10","Ст.м.Дыбенко - Большевиков, д.1",1/2 круга,20:15:00,20:30:00,19.0,3000.0
673,9,OZON Большевиков,"Московское ш., 145с10","Ст.м.Дыбенко - Большевиков, д.1",1/2 круга,20:15:00,20:30:00,50.0,3900.0
674,18,OZON Большевиков (ФФ),"Московское ш., 141/143","Ст.м.Дыбенко - Большевиков, д.1",1/2 круга,20:15:00,20:30:00,35.0,3750.0
675,18,OZON Большевиков (ФФ),"Московское ш., 141/143","Ст.м.Дыбенко - Большевиков, д.1",1/2 круга,20:15:00,20:30:00,55.0,3750.0
676,10,OZON Бугры (Всеволожск),"Бугры, Шоссейная ул., 50к1","Всеволожск, Колтушское шоссе, 39Б",1/2 круга,20:15:00,20:30:00,30.0,4250.0
677,10,OZON Бугры (Заневский),"Бугры, Шоссейная ул., 50к1","Заневский пр.,32к2",1/2 круга,20:15:00,20:30:00,19.0,4000.0
678,10,OZON Бугры (ст.м. Беговая),"Бугры, Шоссейная ул., 50к1",Ст.м. Беговая,1/2 круга,20:15:00,20:30:00,19.0,2500.0
679,10,OZON Бугры (ст.м. Беговая),"Бугры, Шоссейная ул., 50к1",Ст.м. Беговая,1/2 круга,20:15:00,20:30:00,35.0,3500.0
680,10,OZON Бугры (ст.м. Девяткино),"Бугры, Шоссейная ул., 50к1",Ст.м. Девяткино,Прямой,20:20:00,20:30:00,19.0,4500.0
681,10,OZON Бугры (ст.м. Девяткино),"Бугры, Шоссейная ул., 50к1",Ст.м. Девяткино,1/2 круга,20:20:00,20:30:00,19.0,2250.0
682,10,OZON Бугры (ст.м. Девяткино),"Бугры, Шоссейная ул., 50к1",Ст.м. Девяткино,1/2 круга,20:20:00,20:30:00,55.0,3500.0
683,10,OZON Бугры (ст.м. Девяткино),"Бугры, Шоссейная ул., 50к1",Ст.м. Девяткино,Прямой,20:20:00,20:30:00,55.0,7000.0
684,10,OZON Бугры (ст.м. Дыбенко),"Бугры, Шоссейная ул., 50к1",Ст.м. Дыбенко,1/2 круга,20:15:00,20:30:00,19.0,2650.0
685,10,OZON Бугры (ст.м. Дыбенко),"Бугры, Шоссейная ул., 50к1",Ст.м. Дыбенко,1/2 круга,20:15:00,20:30:00,19.0,4000.0
686,10,OZON Бугры (ст.м. Дыбенко),"Бугры, Шоссейная ул., 50к1",Ст.м. Дыбенко,1/2 круга,20:15:00,20:30:00,55.0,4000.0
687,10,OZON Бугры (Цветной город),"Бугры, Шоссейная ул., 50к1","Васнецовский проспект, 28",1/2 круга,20:15:00,20:30:00,30.0,3500.0
688,9,OZON Ветеранов,"Московское ш., 145с10",Ст.м. Проспект Ветеранов,1/2 круга,20:15:00,20:30:00,50.0,3500.0
689,9,OZON Гатчина (ФФ),"Московское ш., 143","Гатчина, Балтийский вокзал",Прямой,20:15:00,20:30:00,20.0,3700.0
690,18,OZON Дыбенко (ФФ),"Московское ш., 141/143",Ст.м.Дыбенко,1/2 круга,20:15:00,20:30:00,55.0,3750.0
691,18,OZON Дыбенко (ФФ),"Московское ш., 143",Ст.м. Дыбенко,1/2 круга,20:15:00,20:30:00,55.0,3750.0
692,36,OZON КГТ Волхонское (Ст.м. Ветеранов),"Волхонское шоссе, 108с5","бульвар Новаторов, 83А",1/2 круга,20:20:00,20:30:00,19.0,2500.0
693,36,OZON КГТ Волхонское (Ст.м. Ветеранов),"Волхонское шоссе, 108с5","бульвар Новаторов, 83А",1/2 круга,20:20:00,20:30:00,55.0,4000.0
694,10,OZON Комендантский,"Бугры, Шоссейная ул., 50к1",Ст.м. Комендантский пр.,Прямой,20:20:00,20:30:00,19.0,4500.0
695,10,OZON Комендантский,"Бугры, Шоссейная ул., 50к1",Ст.м. Комендантский пр.,1/2 круга,20:20:00,20:30:00,19.0,
696,10,OZON Комендантский,"Бугры, Шоссейная ул., 50к1",Ст.м. Комендантский пр.,Прямой,20:20:00,20:30:00,35.0,6000.0
697,10,OZON Комендантский,"Бугры, Шоссейная ул., 50к1",Ст.м. Комендантский пр.,1/2 круга,20:20:00,20:30:00,50.0,3500.0
698,14,OZON Комьюнити Заневский,"Софийская, 118 к4 стр.1","Заневский пр., 32к2",1/2 круга,20:05:00,20:30:00,50.0,4000.0
699,14,OZON Комьюнити Минеральная,"Софийская, 118 к4 стр.1","ул. Минеральная, 29",1/2 круга,20:05:00,20:30:00,50.0,4500.0
700,9,OZON Купчино,"Московское ш., 145с10",Ст.м. Купчино,1/2 круга,20:15:00,20:30:00,50.0,3500.0
701,19,OZON ЛЦ Волхонское (Красное село),"Волхонское шоссе, 108","Красное село, проспект Ленина, 77А",1/2 круга,20:20:00,20:30:00,50.0,4500.0
702,19,OZON ЛЦ Волхонское (ст.м. Ветеранов),"Волхонское шоссе, 108","Бульвар Новаторов, 98В",1/2 круга,20:15:00,20:30:00,19.0,2250.0
703,19,OZON ЛЦ Волхонское (ст.м. Ветеранов),"Волхонское шоссе, 108","Бульвар Новаторов, 98В",1/2 круга,20:20:00,20:30:00,30.0,4500.0
704,19,OZON ЛЦ Волхонское (ст.м. Купчино),"Волхонское шоссе, 108",Ст.м. Купчино,1/2 круга,20:20:00,20:30:00,30.0,3500.0
705,19,OZON ЛЦ Волхонское (Стрельна),"Волхонское шоссе, 108с2","Стрельна, Фронтовая улица, 10Б",1/2 круга,20:20:00,20:30:00,30.0,4500.0
706,19,OZON ЛЦ Волхонское (Стрельна),"Волхонское шоссе, 108с2",Ветеранов 183 ,1/2 круга,20:20:00,20:30:00,50.0,4500.0
707,75,OZON ЛЦ Шушары (Ст.м. Ладожская),Ст.м. Ладожская,"Московское ш., 145с10",1/2 круга,20:15:00,20:30:00,55.0,4000.0
708,81,OZON Парголово (Ст.м. Просвещения),"п. Парголово, ул Подгорная 61 (ЛЦ Парголово, Склад №5)",Ст.м. Проспект Просвещения,Прямой,20:15:00,20:30:00,55.0,4500.0
709,81,OZON Парголово (Ст.м. Просвещения),пр-т Просвещнеия 34Г (автобусная остановка),"п. Парголово, ул Подгорная 61 (ЛЦ Парголово, Склад №5)",Прямой,20:15:00,20:30:00,19.0,2500.0
710,10,OZON Парнас,"Бугры, Шоссейная ул., 50к1",Ст.м. Парнас,1/2 круга,20:20:00,20:30:00,19.0,1900.0
711,10,OZON Парнас,"Бугры, Шоссейная ул., 50к1",Ст.м. Парнас,Прямой,20:20:00,20:30:00,19.0,4500.0
712,10,OZON Парнас,"Бугры, Шоссейная ул., 50к1",Ст.м. Парнас,1/2 круга,20:20:00,20:30:00,19.0,
713,10,OZON Парнас,"Бугры, Шоссейная ул., 50к1",Ст.м. Парнас,1/2 круга,20:20:00,20:30:00,30.0,3000.0
714,10,OZON Парнас,"Бугры, Шоссейная ул., 50к1",Ст.м. Парнас,Прямой,20:20:00,20:30:00,30.0,5600.0
715,10,OZON Парнас,"Бугры, Шоссейная ул., 50к1",Ст.м. Парнас,1/2 круга,20:20:00,20:30:00,50.0,3500.0
716,10,OZON Просвещения,"Бугры, Шоссейная ул., 50к1",Ст.м. Проспект Просвещения,1/2 круга,20:15:00,20:30:00,19.0,2500.0
717,10,OZON Просвещения,"Бугры, Шоссейная ул., 50к1",Ст.м. Проспект Просвещения,Прямой,20:15:00,20:30:00,19.0,4500.0
718,10,OZON Просвещения,"Бугры, Шоссейная ул., 50к1",Ст.м. Проспект Просвещения,Прямой,20:15:00,20:30:00,30.0,6000.0
719,10,OZON Просвещения,"Бугры, Шоссейная ул., 50к1",Ст.м. Проспект Просвещения,1/2 круга,20:15:00,20:30:00,30.0,3500.0
720,10,OZON Просвещения,"Бугры, Шоссейная ул., 50к1",Ст.м. Проспект Просвещения,1/2 круга,20:15:00,20:30:00,50.0,3500.0
721,10,OZON Просвещения,"Бугры, Шоссейная ул., 50к1",Ст.м. Проспект Просвещения,1/2 круга,20:15:00,20:30:00,55.0,3500.0
722,12,OZON ПСЦ Колпино (Кировск),"Колпинское ш., 135с2","г. Кировск, Театральная площадь",1/2 круга,20:15:00,20:30:00,20.0,5000.0
723,12,OZON ПСЦ Колпино (Кудрово),"Колпинское ш., 135с2","Кудрово, Пражская ул., 9",1/2 круга,20:20:00,20:30:00,19.0,3200.0
724,12,OZON ПСЦ Колпино (м. Большевиков),"Колпинское ш., 135с2","Пр. Большевиков, д.2",1/2 круга,20:20:00,20:30:00,55.0,3995.0
725,12,OZON ПСЦ Колпино (м. Ветеранов),"Колпинское ш., 135с2","Дачный пр., 18",1/2 круга,20:15:00,20:30:00,19.0,3000.0
726,12,OZON ПСЦ Колпино (м. Ветеранов),"Колпинское ш., 135с2","Дачный пр., 18",1/2 круга,20:15:00,20:30:00,20.0,3000.0
727,12,OZON ПСЦ Колпино (м. Ветеранов),"Колпинское ш., 135с2","Дачный пр., 18",1/2 круга,20:15:00,20:30:00,55.0,4500.0
728,12,OZON ПСЦ Колпино (м. Ладожская),"Колпинское ш., 135с2",Ст.м. Ладожская,1/2 круга,20:15:00,20:30:00,20.0,3150.0
729,11,"OZON Большевиков (Штат Софийская, 118)","Софийская, 118 к.4 стр.1",Ст.м. Проспект Большевиков,1/2 круга,20:25:00,20:35:00,50.0,3750.0
730,11,"OZON Гатчина (Штат Софийская, 118)","Софийская, 118 к.4 стр.1","Гатчина, Варшавский вокзал",1/2 круга,20:25:00,20:35:00,20.0,3100.0
731,11,"OZON Гатчина (Штат Софийская, 118)","Софийская, 118 к.4 стр.1","Гатчина, Варшавский вокзал",1/2 круга,20:25:00,20:35:00,35.0,5250.0
732,11,"OZON Красноармейская (Штат Софийская, 118)","Софийская, 118 к.4 стр.1","2-я Красноармейская ул., 1",Прямой,20:20:00,20:35:00,20.0,6000.0
733,11,"OZON Красноармейская (Штат Софийская, 118)","Софийская, 118 к.4 стр.1","2-я Красноармейская ул., 1",Прямой,20:20:00,20:35:00,55.0,8000.0
734,11,"OZON Рыбацкое (Штат Софийская, 118)","Софийская, 118 к.4 стр.1","Ст.м. Рыбацкое, 3-й Рыбацкий проезд",1/2 круга,20:25:00,20:35:00,20.0,1500.0
735,27,Равиолло,"Петергофское ш., 73к2",Ст.м. Ленинский пр.,1/2 круга,20:40:00,20:40:00,28.0,3990.0
736,16,"Санаторий ""Белые ночи""","38-й км Приморского шоссе, 2","пос. Первомайское,ул. Советская 4 (маг. Пятерочка"")",Прямой,20:30:00,20:40:00,19.0,7000.0
737,49,ФГУП ФЭО,"Колпино, полигон Красный Бор","Колпино, ж/д станция",1/2 круга,20:30:00,20:40:00,19.0,2520.0
738,10,OZON Бугры (Янино-1),"Бугры, Шоссейная ул., 50к1","Янино-1, Шоссейная ул., 32",Прямой,20:30:00,20:40:00,19.0,4700.0
739,10,OZON Бугры (Янино-1),"Бугры, Шоссейная ул., 50к1","Янино-1, Шоссейная ул., 32",Прямой,20:30:00,20:40:00,35.0,6900.0
740,9,OZON Гатчина,"Гатчина, Варшавский вокзал","Московское ш., 145с10",Прямой,20:25:00,20:40:00,20.0,5300.0
741,9,OZON Гатчина,"Гатчина, Варшавский вокзал","Московское ш., 145с10",Прямой,20:25:00,20:40:00,50.0,8000.0
742,75,OZON Купчино (дети),"Московское ш., 145с10",Ст.м. Купчино,Прямой,20:30:00,20:40:00,19.0,6000.0
743,75,OZON Купчино (дети),"Московское ш., 145с10",Ст.м. Купчино,Прямой,20:30:00,20:40:00,35.0,8000.0
744,53,"Ресторан ""В чаще""","Людмилы Кедриной, 23 (Охта парк)",Ст.м.Девяткино,Прямой,20:40:00,20:50:00,20.0,3333.33
745,9,OZON Большевиков,"Большевиков, д.1","Ст.м.Дыбенко - Московское ш., 145с10",Прямой,20:40:00,20:50:00,19.0,5000.0
746,9,OZON Купчино,Ст.м. Купчино,"Московское ш., 145с10",Прямой,20:40:00,20:50:00,50.0,5000.0
747,9,OZON Купчино,Ст.м. Купчино,"Московское ш., 145с10",Прямой,20:40:00,20:50:00,50.0,
748,9,OZON Купчино,Ст.м. Купчино,"Московское ш., 145с10",1/2 круга,20:40:00,20:50:00,50.0,3500.0
749,7,Муринская - Хлебный дом - Коломенское,"Смоленская улица, 18А","Тиньков переулок, 7Д",1/2 круга,20:50:00,21:00:00,19.0,4400.0
750,9,OZON Ветеранов,Ст.м. Проспект Ветеранов,"Московское ш., 145с10",Прямой,20:50:00,21:00:00,19.0,4000.0
751,9,OZON Ветеранов,Ст.м. Проспект Ветеранов,"Московское ш., 145с10",1/2 круга,20:50:00,21:00:00,50.0,3500.0
752,19,OZON ЛЦ Волхонское (Горелово),"Красносельское ш., 2к2","Волхонское шоссе, 108",1/2 круга,20:50:00,21:00:00,19.0,2250.0
753,19,OZON ЛЦ Волхонское (ст.м. Ветеранов),"Бульвар Новаторов, 98В","Волхонское шоссе, 108",1/2 круга,20:50:00,21:00:00,30.0,4500.0
754,54,"Ресторан ""В чаще""","Людмилы Кедриной, 23 (Охта парк, через Бугры)",Ст.м.Девяткино,Прямой,21:00:00,21:15:00,20.0,3250.0
755,54,"Ресторан ""В чаще"" (Парнас)","Людмилы Кедриной, 23 (Охта парк)",Ст.м. Парнас (через Бугры),Прямой,21:00:00,21:15:00,20.0,3300.0
756,24,Сберлогистика,"Витебский пр., 99 (ст.м. Купчино)","Московское ш., 26 и через откатные ворота к Москоскому ш.52",1/2 круга,21:00:00,21:15:00,19.0,1416.6666666666667
757,24,Сберлогистика,"Витебский пр., 99 (ст.м. Купчино)","Московское ш., 52",1/2 круга,21:00:00,21:15:00,19.0,1416.6666666666667
758,68,OZON Понссе,"Понссе, 20",Дачный 19к1,1/2 круга,21:05:00,21:15:00,30.0,3000.0
759,69,OZON Понссе (ст.м. Ветеранов),"Понссе, 20",Дачный 19к1,1/2 круга,21:05:00,21:15:00,19.0,2500.0
760,70,OZON Раум Бугры (Ст.м. Девяткино),"КАД, 23-й километр, внутреннее кольцо, 2",Ст.м. Девяткино,1/2 круга,21:05:00,21:15:00,19.0,2950.0
761,73,OZON РЦ Бугры (Ст.м. Девяткино),"Бугры, Шоссейная ул., 58к1",Ст.м. Девяткино,Прямой,21:05:00,21:15:00,20.0,3325.0
762,73,OZON РЦ Бугры (Ст.м. Просвещения),"Бугры, Шоссейная ул., 58к1",Ст.м. Проспект Просвещения,Прямой,21:05:00,21:15:00,20.0,3325.0
763,56,ЕвроТек,"Терволово, Ленинградская ул., 15Э",Пр. Маршала Жукова/ пр. Ветеранов,Прямой,21:10:00,21:20:00,25.0,5000.0
764,24,Сберлогистика,"Московское ш., 52","Витебский пр., 99 (ст.м. Купчино)",1/2 круга,21:10:00,21:20:00,19.0,1416.6666666666667
765,24,Сервис Плюс,"Московское ш., 52","Витебский пр., 99 (ст.м. Купчино)",1/2 круга,21:10:00,21:20:00,19.0,1416.6666666666667
766,50,ХАБ  (ст.м. Московская),"Волхонское шоссе, 11, лит. Б",Ст.м. Московская,1/2 круга,21:10:00,21:20:00,35.0,3750.0
767,81,OZON Парголово (Ст.м. Просвещения),"п. Парголово, ул Подгорная 61 (ЛЦ Парголово, Склад №5)",Ст.м. Проспект Просвещения,1/2 круга,21:05:00,21:20:00,19.0,1500.0
768,81,OZON Парголово (Ст.м. Просвещения),"п. Парголово, ул Подгорная 61 (ЛЦ Парголово, Склад №5)",Ст.м. Проспект Просвещения,Прямой,21:05:00,21:20:00,30.0,4500.0
769,81,OZON Парголово (Ст.м. Просвещения),"п. Парголово, ул Подгорная 61 (ЛЦ Парголово, Склад №5)",Ст.м. Проспект Просвещения,1/2 круга,21:05:00,21:20:00,35.0,2500.0
770,81,OZON Парголово (Ст.м. Просвещения),"п. Парголово, ул Подгорная 61 (ЛЦ Парголово, Склад №5)",Ст.м. Проспект Просвещения,1/2 круга,21:05:00,21:20:00,55.0,2500.0
771,83,Пеоли РУС,"Витебский пр., 99 (ст.м. Купчино)","Московское ш., 26 и через откатные ворота к Москоскому ш.64",1/2 круга,21:20:00,21:30:00,19.0,1500.0
772,15,Ай Би Фэсилити,Лахта,Ст.м. Беговая,Прямой,21:45:00,21:55:00,20.0,2762.2950819672133
773,81,OZON Парголово (Ст.м. Девяткино),Ст.м. Девяткино,"п. Парголово, ул Подгорная 61 (ЛЦ Парголово, Склад №5)",Прямой,21:50:00,22:00:00,19.0,3000.0
774,81,OZON Парголово (Ст.м. Девяткино),Ст.м. Девяткино,"п. Парголово, ул Подгорная 61 (ЛЦ Парголово, Склад №5)",Прямой,21:50:00,22:00:00,35.0,5000.0
775,81,OZON Парголово (Ст.м. Девяткино),Ст.м. Девяткино,"п. Парголово, ул Подгорная 61 (ЛЦ Парголово, Склад №5)",Прямой,21:50:00,22:00:00,55.0,5000.0
776,81,OZON Парголово (Ст.м. Пионерская),Ст.м. Пионерская,"п. Парголово, ул Подгорная 61 (ЛЦ Парголово, Склад №5)",Прямой,21:50:00,22:00:00,19.0,3000.0
777,81,OZON Парголово (Ст.м. Пионерская),Ст.м. Пионерская,"п. Парголово, ул Подгорная 61 (ЛЦ Парголово, Склад №5)",Прямой,21:50:00,22:00:00,55.0,5000.0
778,81,OZON Парголово (Ст.м. Старая Деревня),"Ст.м. Старая Деревня, Гаккелевская ул.","п. Парголово, ул Подгорная 61 (ЛЦ Парголово, Склад №5)",Прямой,21:50:00,22:00:00,19.0,3000.0
779,81,OZON Парголово (Ст.м. Старая Деревня),"Ст.м. Старая Деревня, Гаккелевская ул.","п. Парголово, ул Подгорная 61 (ЛЦ Парголово, Склад №5)",Прямой,21:50:00,22:00:00,55.0,5000.0
780,19,OZON ЛЦ Волхонское (ст.м. Ветеранов),Ст.м. Проспект Ветеранов,"Волхонское шоссе, 108с5",1/2 круга,21:55:00,22:05:00,19.0,2250.0
781,19,OZON ЛЦ Волхонское (шаттл ЖК Солнечный город),"Проспект Ветеранов, 168","Волхонское шоссе, 108с5",1/2 круга,21:55:00,22:05:00,19.0,2250.0
782,19,OZON ЛЦ Волхонское (шаттл ст.м. Ветеранов),Ст.м. Проспект Ветеранов,"Волхонское шоссе, 108с5",1/2 круга,21:55:00,22:05:00,19.0,2250.0
783,80,Ресторанная Служба,"ЛО, п. Ильичево, ул. Линтульская аллея, д. 1","СПб, Савушкина 9",Прямой,21:55:00,22:10:00,19.0,6000.0
784,81,OZON Парголово (Сертолово),"Сертолово-2, ЖК Новое Сертолово","п. Парголово, ул Подгорная 61 (ЛЦ Парголово, Склад №5)",Прямой,22:00:00,22:10:00,19.0,4000.0
785,81,OZON Парголово (Ст.м. Просвещения),Ст.м. Проспект Просвещения,"п. Парголово, ул Подгорная 61 (ЛЦ Парголово, Склад №5)",1/2 круга,21:55:00,22:10:00,19.0,1500.0
786,81,OZON Парголово (Ст.м. Просвещения),Ст.м. Проспект Просвещения,"п. Парголово, ул Подгорная 61 (ЛЦ Парголово, Склад №5)",Прямой,21:55:00,22:10:00,19.0,2500.0
787,81,OZON Парголово (Ст.м. Просвещения),Ст.м. Проспект Просвещения,"п. Парголово, ул Подгорная 61 (ЛЦ Парголово, Склад №5)",1/2 круга,21:55:00,22:10:00,35.0,2500.0
788,81,OZON Парголово (Ст.м. Просвещения),Ст.м. Проспект Просвещения,"п. Парголово, ул Подгорная 61 (ЛЦ Парголово, Склад №5)",Прямой,21:55:00,22:10:00,55.0,4500.0
789,81,OZON Парголово (Ст.м. Просвещения),Ст.м. Проспект Просвещения,"п. Парголово, ул Подгорная 61 (ЛЦ Парголово, Склад №5)",1/2 круга,21:55:00,22:10:00,55.0,2500.0
790,79,Лесная Рапсодия,"ЛО, п.Ильичево, Ул. Линтульская аллея, д.8",Ст. м. Черная Речка,Прямой,22:00:00,22:15:00,19.0,5000.0
791,81,OZON Парголово (Ст.м. Парнас),Ст.м. Парнас,"п. Парголово, ул Подгорная 61 (ЛЦ Парголово, Склад №5)",Прямой,22:00:00,22:15:00,19.0,3000.0
792,81,OZON Парголово (Ст.м. Парнас),Ст.м. Парнас,"п. Парголово, ул Подгорная 61 (ЛЦ Парголово, Склад №5)",Прямой,22:00:00,22:15:00,55.0,5000.0
793,83,Пеоли РУС,"Московское ш., 26","Витебский пр., 99 (ст.м. Купчино)",1/2 круга,22:20:00,22:30:00,19.0,1500.0
794,9,OZON Большевиков,"Московское ш., 145с10","Ст.м.Дыбенко - Большевиков, д.1",1/2 круга,22:15:00,22:30:00,50.0,3900.0
795,9,OZON Ветеранов,"Московское ш., 145с10",Ст.м. Проспект Ветеранов,1/2 круга,22:15:00,22:30:00,50.0,3500.0
796,9,OZON Купчино,"Московское ш., 145с10",Ст.м. Купчино,1/2 круга,22:15:00,22:30:00,50.0,3500.0
797,19,OZON ЛЦ Волхонское (Горелово),"Волхонское шоссе, 108","Красносельское ш., 2к2",1/2 круга,22:20:00,22:30:00,19.0,2250.0
798,19,OZON ЛЦ Волхонское (ст.м. Ветеранов),"Волхонское шоссе, 108","Бульвар Новаторов, 98В",1/2 круга,22:20:00,22:30:00,30.0,4500.0
799,75,OZON ЛЦ Шушары (Ст.м. Ладожская),"Московское ш., 145с10",Ст.м. Ладожская,1/2 круга,22:20:00,22:30:00,55.0,4000.0
800,19,OZON ЛЦ Волхонское (ст.м. Ветеранов),"Волхонское шоссе, 108с5",Ст.м. Проспект Ветеранов,1/2 круга,22:55:00,23:05:00,19.0,2250.0
801,19,OZON ЛЦ Волхонское (шаттл ст.м. Ветеранов),"Волхонское шоссе, 108с5",Ст.м. Проспект Ветеранов,1/2 круга,22:55:00,23:05:00,19.0,2250.0
802,53,"Ресторан ""В чаще""","Людмилы Кедриной, 23 (Охта парк, через Бугры)",Ст.м.Девяткино,Прямой,23:00:00,23:15:00,20.0,3333.33
803,54,"Ресторан ""В чаще""","Людмилы Кедриной, 23 (Охта парк, через Бугры)",Ст.м.Девяткино,Прямой,23:00:00,23:15:00,20.0,3250.0
804,9,OZON Купчино (ФФ),"Московское ш., 143",Ст.м. Купчино - ст.м. Дунайская,Прямой,23:05:00,23:15:00,19.0,4000.0
805,19,OZON ЛЦ Волхонское (шаттл ЖК Солнечный город),"Волхонское шоссе, 108с5","Проспект Ветеранов, 168",1/2 круга,23:05:00,23:15:00,19.0,2250.0
806,10,OZON Бугры (ст.м. Девяткино),"Бугры, Шоссейная ул., 50к1",Ст.м. Девяткино,Прямой,23:20:00,23:30:00,19.0,4500.0
807,10,OZON Бугры (ст.м. Девяткино),"Бугры, Шоссейная ул., 50к1",Ст.м. Девяткино,Прямой,23:20:00,23:30:00,55.0,7000.0
808,10,OZON Бугры (ст.м. Дыбенко),"Бугры, Шоссейная ул., 50к1",Ст.м. Дыбенко,Прямой,23:20:00,23:30:00,19.0,5500.0
809,81,OZON Парголово (Ст.м. Просвещения),"п. Парголово, ул Подгорная 61 (ЛЦ Парголово, Склад №5)",Ст.м. Проспект Просвещения,Прямой,23:15:00,23:30:00,19.0,2500.0
810,10,OZON Просвещения,"Бугры, Шоссейная ул., 50к1",Ст.м. Проспект Просвещения,Прямой,23:20:00,23:30:00,19.0,4500.0
811,85,Хлеб и соль,По запросу,По запросу,Прямой,,,,
